tanggal_data,harga_rata_rata,variant_id,variant_nama
2025-05-06 00:00:00+00:00,14488.14930738304,52,Beras Medium
2025-05-07 00:00:00+00:00,14502.695222796574,52,Beras Medium
2025-05-08 00:00:00+00:00,14501.562136539265,52,Beras Medium
2025-05-09 00:00:00+00:00,14479.364271042188,52,Beras Medium
2025-05-14 00:00:00+00:00,14495.15983505639,52,Beras Medium
2025-05-15 00:00:00+00:00,14505.178079939433,52,Beras Medium
2025-05-16 00:00:00+00:00,14488.64181020259,52,Beras Medium
2025-05-19 00:00:00+00:00,14515.238552057226,52,Beras Medium
2025-05-20 00:00:00+00:00,14513.849619308688,52,Beras Medium
2025-05-21 00:00:00+00:00,14516.708278769842,52,Beras Medium
2025-05-22 00:00:00+00:00,14507.61962891604,52,Beras Medium
2025-05-23 00:00:00+00:00,14510.295014880952,52,Beras Medium
2025-05-26 00:00:00+00:00,14524.194869047618,52,Beras Medium
2025-05-27 00:00:00+00:00,14531.569167710944,52,Beras Medium
2025-05-28 00:00:00+00:00,14533.579408939015,52,Beras Medium
2025-06-02 00:00:00+00:00,14539.8188320802,52,Beras Medium
2025-06-03 00:00:00+00:00,14543.083985588972,52,Beras Medium
2025-06-04 00:00:00+00:00,14555.852061246867,52,Beras Medium
2025-06-05 00:00:00+00:00,14571.582862103174,52,Beras Medium
2025-06-10 00:00:00+00:00,14571.67254589599,52,Beras Medium
2025-06-11 00:00:00+00:00,14581.973019371346,52,Beras Medium
2025-06-12 00:00:00+00:00,14595.406240862572,52,Beras Medium
2025-06-13 00:00:00+00:00,14597.111884137426,52,Beras Medium
2025-06-16 00:00:00+00:00,14626.879023444028,52,Beras Medium
2025-06-17 00:00:00+00:00,14640.711913794903,52,Beras Medium
2025-06-18 00:00:00+00:00,14655.28793170426,52,Beras Medium
2025-06-19 00:00:00+00:00,14677.898619204261,52,Beras Medium
2025-06-20 00:00:00+00:00,14678.356409513366,52,Beras Medium
2025-06-23 00:00:00+00:00,14689.802265298664,52,Beras Medium
2025-06-24 00:00:00+00:00,14672.305867637844,52,Beras Medium
2025-06-25 00:00:00+00:00,14683.499483970343,52,Beras Medium
2025-06-26 00:00:00+00:00,14697.067738043024,52,Beras Medium
2025-06-30 00:00:00+00:00,14703.500495352966,52,Beras Medium
2025-07-01 00:00:00+00:00,14733.435047149123,52,Beras Medium
2025-07-02 00:00:00+00:00,14737.546832602338,52,Beras Medium
2025-07-03 00:00:00+00:00,14750.08822002924,52,Beras Medium
2025-07-04 00:00:00+00:00,14745.780595655806,52,Beras Medium
2025-07-07 00:00:00+00:00,14766.626058270676,52,Beras Medium
2025-07-08 00:00:00+00:00,14813.384088241437,52,Beras Medium
2025-07-09 00:00:00+00:00,14830.540528299916,52,Beras Medium
2025-07-10 00:00:00+00:00,14846.91472895781,52,Beras Medium
2025-07-11 00:00:00+00:00,14854.91910395781,52,Beras Medium
2025-07-14 00:00:00+00:00,14875.01882330827,52,Beras Medium
2025-07-15 00:00:00+00:00,14878.271761904762,52,Beras Medium
2025-07-16 00:00:00+00:00,14879.654196115289,52,Beras Medium
2025-07-17 00:00:00+00:00,14923.806450918964,52,Beras Medium
2025-07-18 00:00:00+00:00,14909.478972848789,52,Beras Medium
2025-07-21 00:00:00+00:00,14951.799239661654,52,Beras Medium
2025-07-22 00:00:00+00:00,14980.298250992064,52,Beras Medium
2025-07-23 00:00:00+00:00,14985.856950344612,52,Beras Medium
2025-07-24 00:00:00+00:00,14986.339841948622,52,Beras Medium
2025-07-25 00:00:00+00:00,15010.219003132832,52,Beras Medium
2025-07-28 00:00:00+00:00,15055.087259972848,52,Beras Medium
2025-07-29 00:00:00+00:00,15073.398628393901,52,Beras Medium
2025-07-30 00:00:00+00:00,15075.41617225355,52,Beras Medium
2025-07-31 00:00:00+00:00,15071.030273130744,52,Beras Medium
2025-08-01 00:00:00+00:00,15071.337246814954,52,Beras Medium
2025-05-06 00:00:00+00:00,16385.343364728364,51,Beras Premium
2025-05-07 00:00:00+00:00,16390.320291208416,51,Beras Premium
2025-05-08 00:00:00+00:00,16384.351830247455,51,Beras Premium
2025-05-09 00:00:00+00:00,16377.152831066456,51,Beras Premium
2025-05-14 00:00:00+00:00,16393.23312058812,51,Beras Premium
2025-05-15 00:00:00+00:00,16393.075430272806,51,Beras Premium
2025-05-16 00:00:00+00:00,16383.082912254788,51,Beras Premium
2025-05-19 00:00:00+00:00,16399.62843670781,51,Beras Premium
2025-05-20 00:00:00+00:00,16403.104357571858,51,Beras Premium
2025-05-21 00:00:00+00:00,16397.389615118365,51,Beras Premium
2025-05-22 00:00:00+00:00,16409.77700250575,51,Beras Premium
2025-05-23 00:00:00+00:00,16414.018732235483,51,Beras Premium
2025-05-26 00:00:00+00:00,16408.877477116726,51,Beras Premium
2025-05-27 00:00:00+00:00,16402.855062380564,51,Beras Premium
2025-05-28 00:00:00+00:00,16409.558964919466,51,Beras Premium
2025-06-02 00:00:00+00:00,16416.93213888889,51,Beras Premium
2025-06-03 00:00:00+00:00,16415.038201030577,51,Beras Premium
2025-06-04 00:00:00+00:00,16421.216744062243,51,Beras Premium
2025-06-05 00:00:00+00:00,16439.189855465855,51,Beras Premium
2025-06-10 00:00:00+00:00,16440.942164024415,51,Beras Premium
2025-06-11 00:00:00+00:00,16450.850776432275,51,Beras Premium
2025-06-12 00:00:00+00:00,16454.770667300418,51,Beras Premium
2025-06-13 00:00:00+00:00,16457.320792198043,51,Beras Premium
2025-06-16 00:00:00+00:00,16476.089818581568,51,Beras Premium
2025-06-17 00:00:00+00:00,16491.11816897742,51,Beras Premium
2025-06-18 00:00:00+00:00,16494.579273897274,51,Beras Premium
2025-06-19 00:00:00+00:00,16499.572845764596,51,Beras Premium
2025-06-20 00:00:00+00:00,16497.54551088101,51,Beras Premium
2025-06-23 00:00:00+00:00,16512.37873935299,51,Beras Premium
2025-06-24 00:00:00+00:00,16514.446774228774,51,Beras Premium
2025-06-25 00:00:00+00:00,16504.478176767676,51,Beras Premium
2025-06-26 00:00:00+00:00,16512.985094116844,51,Beras Premium
2025-06-30 00:00:00+00:00,16520.972613158614,51,Beras Premium
2025-07-01 00:00:00+00:00,16537.590473518972,51,Beras Premium
2025-07-02 00:00:00+00:00,16542.33522201747,51,Beras Premium
2025-07-03 00:00:00+00:00,16548.85169949495,51,Beras Premium
2025-07-04 00:00:00+00:00,16549.75942130767,51,Beras Premium
2025-07-07 00:00:00+00:00,16588.3905504368,51,Beras Premium
2025-07-08 00:00:00+00:00,16617.684852238603,51,Beras Premium
2025-07-09 00:00:00+00:00,16628.262924310675,51,Beras Premium
2025-07-10 00:00:00+00:00,16634.043735121486,51,Beras Premium
2025-07-11 00:00:00+00:00,16652.25146239421,51,Beras Premium
2025-07-14 00:00:00+00:00,16721.95721962872,51,Beras Premium
2025-07-15 00:00:00+00:00,16689.50954149604,51,Beras Premium
2025-07-16 00:00:00+00:00,16680.220715465464,51,Beras Premium
2025-07-17 00:00:00+00:00,16703.482154488906,51,Beras Premium
2025-07-18 00:00:00+00:00,16714.316177830427,51,Beras Premium
2025-07-21 00:00:00+00:00,16738.96666706154,51,Beras Premium
2025-07-22 00:00:00+00:00,16747.300000394876,51,Beras Premium
2025-07-23 00:00:00+00:00,16755.3289240913,51,Beras Premium
2025-07-24 00:00:00+00:00,16757.840524111773,51,Beras Premium
2025-07-25 00:00:00+00:00,16764.778500565502,51,Beras Premium
2025-07-28 00:00:00+00:00,16762.56482086307,51,Beras Premium
2025-07-29 00:00:00+00:00,16765.043208689207,51,Beras Premium
2025-07-30 00:00:00+00:00,16769.33857065832,51,Beras Premium
2025-07-31 00:00:00+00:00,16770.147333967085,51,Beras Premium
2025-08-01 00:00:00+00:00,16773.150392525644,51,Beras Premium
2025-05-06 00:00:00+00:00,18744.051425543024,14,Gula Pasir Curah
2025-05-07 00:00:00+00:00,18763.044221595657,14,Gula Pasir Curah
2025-05-08 00:00:00+00:00,18737.55695697577,14,Gula Pasir Curah
2025-05-09 00:00:00+00:00,18754.881540309107,14,Gula Pasir Curah
2025-05-14 00:00:00+00:00,18768.763126931914,14,Gula Pasir Curah
2025-05-15 00:00:00+00:00,18773.020235745615,14,Gula Pasir Curah
2025-05-16 00:00:00+00:00,18770.416534408938,14,Gula Pasir Curah
2025-05-19 00:00:00+00:00,18772.524297566833,14,Gula Pasir Curah
2025-05-20 00:00:00+00:00,18772.524297566833,14,Gula Pasir Curah
2025-05-21 00:00:00+00:00,18771.51916050543,14,Gula Pasir Curah
2025-05-22 00:00:00+00:00,18762.040571324145,14,Gula Pasir Curah
2025-05-23 00:00:00+00:00,18759.750103487888,14,Gula Pasir Curah
2025-05-26 00:00:00+00:00,18742.905884816206,14,Gula Pasir Curah
2025-05-27 00:00:00+00:00,18748.93660850042,14,Gula Pasir Curah
2025-05-28 00:00:00+00:00,18752.006783939014,14,Gula Pasir Curah
2025-06-02 00:00:00+00:00,18742.606533834587,14,Gula Pasir Curah
2025-06-03 00:00:00+00:00,18736.74030576441,14,Gula Pasir Curah
2025-06-04 00:00:00+00:00,18721.097052840436,14,Gula Pasir Curah
2025-06-05 00:00:00+00:00,18722.083865705932,14,Gula Pasir Curah
2025-06-10 00:00:00+00:00,18703.19123600668,14,Gula Pasir Curah
2025-06-11 00:00:00+00:00,18703.081601138263,14,Gula Pasir Curah
2025-06-12 00:00:00+00:00,18696.173673506684,14,Gula Pasir Curah
2025-06-13 00:00:00+00:00,18694.102577015456,14,Gula Pasir Curah
2025-06-16 00:00:00+00:00,18682.485829939433,14,Gula Pasir Curah
2025-06-17 00:00:00+00:00,18672.617367951127,14,Gula Pasir Curah
2025-06-18 00:00:00+00:00,18674.079385494988,14,Gula Pasir Curah
2025-06-19 00:00:00+00:00,18673.49459017335,14,Gula Pasir Curah
2025-06-20 00:00:00+00:00,18670.911699091477,14,Gula Pasir Curah
2025-06-23 00:00:00+00:00,18647.366737729742,14,Gula Pasir Curah
2025-06-24 00:00:00+00:00,18642.493433636173,14,Gula Pasir Curah
2025-06-25 00:00:00+00:00,18635.427176326233,14,Gula Pasir Curah
2025-06-26 00:00:00+00:00,18635.427176326233,14,Gula Pasir Curah
2025-06-30 00:00:00+00:00,18614.35014050752,14,Gula Pasir Curah
2025-07-01 00:00:00+00:00,18598.853077642023,14,Gula Pasir Curah
2025-07-02 00:00:00+00:00,18606.260470916877,14,Gula Pasir Curah
2025-07-03 00:00:00+00:00,18585.597723840852,14,Gula Pasir Curah
2025-07-04 00:00:00+00:00,18586.720264254385,14,Gula Pasir Curah
2025-07-07 00:00:00+00:00,18572.47112891604,14,Gula Pasir Curah
2025-07-08 00:00:00+00:00,18580.24400135756,14,Gula Pasir Curah
2025-07-09 00:00:00+00:00,18570.74101890142,14,Gula Pasir Curah
2025-07-10 00:00:00+00:00,18537.517334690892,14,Gula Pasir Curah
2025-07-11 00:00:00+00:00,18529.35457884294,14,Gula Pasir Curah
2025-07-14 00:00:00+00:00,18514.71634492481,14,Gula Pasir Curah
2025-07-15 00:00:00+00:00,18513.546727965746,14,Gula Pasir Curah
2025-07-16 00:00:00+00:00,18513.363964807853,14,Gula Pasir Curah
2025-07-17 00:00:00+00:00,18507.2235963868,14,Gula Pasir Curah
2025-07-18 00:00:00+00:00,18493.72448527569,14,Gula Pasir Curah
2025-07-21 00:00:00+00:00,18487.584257205515,14,Gula Pasir Curah
2025-07-22 00:00:00+00:00,18486.65828644528,14,Gula Pasir Curah
2025-07-23 00:00:00+00:00,18474.377584690894,14,Gula Pasir Curah
2025-07-24 00:00:00+00:00,18473.013102234752,14,Gula Pasir Curah
2025-07-25 00:00:00+00:00,18440.341076336674,14,Gula Pasir Curah
2025-07-28 00:00:00+00:00,18430.550954156224,14,Gula Pasir Curah
2025-07-29 00:00:00+00:00,18431.574375208857,14,Gula Pasir Curah
2025-07-30 00:00:00+00:00,18438.81121731412,14,Gula Pasir Curah
2025-07-31 00:00:00+00:00,18436.46228456558,14,Gula Pasir Curah
2025-08-01 00:00:00+00:00,18426.411133249792,14,Gula Pasir Curah
2025-05-06 00:00:00+00:00,22233.524018616616,17,Minyak Goreng Sawit Kemasan Premium
2025-05-07 00:00:00+00:00,22252.796501860714,17,Minyak Goreng Sawit Kemasan Premium
2025-05-08 00:00:00+00:00,22251.480712387027,17,Minyak Goreng Sawit Kemasan Premium
2025-05-09 00:00:00+00:00,22236.967207602338,17,Minyak Goreng Sawit Kemasan Premium
2025-05-14 00:00:00+00:00,22263.13671637427,17,Minyak Goreng Sawit Kemasan Premium
2025-05-15 00:00:00+00:00,22262.447472848788,17,Minyak Goreng Sawit Kemasan Premium
2025-05-16 00:00:00+00:00,22251.82845348219,17,Minyak Goreng Sawit Kemasan Premium
2025-05-19 00:00:00+00:00,22256.035080276448,17,Minyak Goreng Sawit Kemasan Premium
2025-05-20 00:00:00+00:00,22268.09650132908,17,Minyak Goreng Sawit Kemasan Premium
2025-05-21 00:00:00+00:00,22268.315777644868,17,Minyak Goreng Sawit Kemasan Premium
2025-05-22 00:00:00+00:00,22277.56617238171,17,Minyak Goreng Sawit Kemasan Premium
2025-05-23 00:00:00+00:00,22288.531018872938,17,Minyak Goreng Sawit Kemasan Premium
2025-05-26 00:00:00+00:00,22330.19770746943,17,Minyak Goreng Sawit Kemasan Premium
2025-05-27 00:00:00+00:00,22335.680119750134,17,Minyak Goreng Sawit Kemasan Premium
2025-05-28 00:00:00+00:00,22338.531018872938,17,Minyak Goreng Sawit Kemasan Premium
2025-06-02 00:00:00+00:00,22341.455121943116,17,Minyak Goreng Sawit Kemasan Premium
2025-06-03 00:00:00+00:00,22335.022350013292,17,Minyak Goreng Sawit Kemasan Premium
2025-06-04 00:00:00+00:00,22336.320418593834,17,Minyak Goreng Sawit Kemasan Premium
2025-06-05 00:00:00+00:00,22331.93444271664,17,Minyak Goreng Sawit Kemasan Premium
2025-06-10 00:00:00+00:00,22290.267819909623,17,Minyak Goreng Sawit Kemasan Premium
2025-06-11 00:00:00+00:00,22291.36433306752,17,Minyak Goreng Sawit Kemasan Premium
2025-06-12 00:00:00+00:00,22290.013633306753,17,Minyak Goreng Sawit Kemasan Premium
2025-06-13 00:00:00+00:00,22295.396408426368,17,Minyak Goreng Sawit Kemasan Premium
2025-06-16 00:00:00+00:00,22351.743816321105,17,Minyak Goreng Sawit Kemasan Premium
2025-06-17 00:00:00+00:00,22377.852491759702,17,Minyak Goreng Sawit Kemasan Premium
2025-06-18 00:00:00+00:00,22375.988423777246,17,Minyak Goreng Sawit Kemasan Premium
2025-06-19 00:00:00+00:00,22389.84082070707,17,Minyak Goreng Sawit Kemasan Premium
2025-06-20 00:00:00+00:00,22366.44897860181,17,Minyak Goreng Sawit Kemasan Premium
2025-06-23 00:00:00+00:00,22343.495732987772,17,Minyak Goreng Sawit Kemasan Premium
2025-06-24 00:00:00+00:00,22347.00458825093,17,Minyak Goreng Sawit Kemasan Premium
2025-06-25 00:00:00+00:00,22326.29309702286,17,Minyak Goreng Sawit Kemasan Premium
2025-06-26 00:00:00+00:00,22337.806254917596,17,Minyak Goreng Sawit Kemasan Premium
2025-06-30 00:00:00+00:00,22338.902746145668,17,Minyak Goreng Sawit Kemasan Premium
2025-07-01 00:00:00+00:00,22348.402387293994,17,Minyak Goreng Sawit Kemasan Premium
2025-07-02 00:00:00+00:00,22339.23171544391,17,Minyak Goreng Sawit Kemasan Premium
2025-07-03 00:00:00+00:00,22342.262014486976,17,Minyak Goreng Sawit Kemasan Premium
2025-07-04 00:00:00+00:00,22347.704606193514,17,Minyak Goreng Sawit Kemasan Premium
2025-07-07 00:00:00+00:00,22341.98293394471,17,Minyak Goreng Sawit Kemasan Premium
2025-07-08 00:00:00+00:00,22332.04677286018,17,Minyak Goreng Sawit Kemasan Premium
2025-07-09 00:00:00+00:00,22332.80435300372,17,Minyak Goreng Sawit Kemasan Premium
2025-07-10 00:00:00+00:00,22333.003707070708,17,Minyak Goreng Sawit Kemasan Premium
2025-07-11 00:00:00+00:00,22330.225921982987,17,Minyak Goreng Sawit Kemasan Premium
2025-07-14 00:00:00+00:00,22318.862249734182,17,Minyak Goreng Sawit Kemasan Premium
2025-07-15 00:00:00+00:00,22323.796438330675,17,Minyak Goreng Sawit Kemasan Premium
2025-07-16 00:00:00+00:00,22320.52689686337,17,Minyak Goreng Sawit Kemasan Premium
2025-07-17 00:00:00+00:00,22322.5005810739,17,Minyak Goreng Sawit Kemasan Premium
2025-07-18 00:00:00+00:00,22326.00937054758,17,Minyak Goreng Sawit Kemasan Premium
2025-07-21 00:00:00+00:00,22329.079545986177,17,Minyak Goreng Sawit Kemasan Premium
2025-07-22 00:00:00+00:00,22338.399776249335,17,Minyak Goreng Sawit Kemasan Premium
2025-07-23 00:00:00+00:00,22337.801690124932,17,Minyak Goreng Sawit Kemasan Premium
2025-07-24 00:00:00+00:00,22342.078038809144,17,Minyak Goreng Sawit Kemasan Premium
2025-07-25 00:00:00+00:00,22348.656986177564,17,Minyak Goreng Sawit Kemasan Premium
2025-07-28 00:00:00+00:00,22359.950845826686,17,Minyak Goreng Sawit Kemasan Premium
2025-07-29 00:00:00+00:00,22357.867523458266,17,Minyak Goreng Sawit Kemasan Premium
2025-07-30 00:00:00+00:00,22371.02541819511,17,Minyak Goreng Sawit Kemasan Premium
2025-07-31 00:00:00+00:00,22371.224784223818,17,Minyak Goreng Sawit Kemasan Premium
2025-08-01 00:00:00+00:00,22395.93239387294,17,Minyak Goreng Sawit Kemasan Premium
2025-05-06 00:00:00+00:00,17691.348533148303,16,Minyak Goreng Sawit Curah
2025-05-07 00:00:00+00:00,17670.705907828284,16,Minyak Goreng Sawit Curah
2025-05-08 00:00:00+00:00,17666.404832559467,16,Minyak Goreng Sawit Curah
2025-05-09 00:00:00+00:00,17666.404832559467,16,Minyak Goreng Sawit Curah
2025-05-14 00:00:00+00:00,17672.755438497883,16,Minyak Goreng Sawit Curah
2025-05-15 00:00:00+00:00,17681.59095552297,16,Minyak Goreng Sawit Curah
2025-05-16 00:00:00+00:00,17767.781508670032,16,Minyak Goreng Sawit Curah
2025-05-19 00:00:00+00:00,17662.996442082112,16,Minyak Goreng Sawit Curah
2025-05-20 00:00:00+00:00,17661.13916935484,16,Minyak Goreng Sawit Curah
2025-05-21 00:00:00+00:00,17656.049626344087,16,Minyak Goreng Sawit Curah
2025-05-22 00:00:00+00:00,17662.843370234605,16,Minyak Goreng Sawit Curah
2025-05-23 00:00:00+00:00,17649.671237618117,16,Minyak Goreng Sawit Curah
2025-05-26 00:00:00+00:00,17644.474194607363,16,Minyak Goreng Sawit Curah
2025-05-27 00:00:00+00:00,17595.683858585857,16,Minyak Goreng Sawit Curah
2025-05-28 00:00:00+00:00,17624.689234929945,16,Minyak Goreng Sawit Curah
2025-06-02 00:00:00+00:00,17624.271265721734,16,Minyak Goreng Sawit Curah
2025-06-03 00:00:00+00:00,17617.264088302378,16,Minyak Goreng Sawit Curah
2025-06-04 00:00:00+00:00,17626.744410883024,16,Minyak Goreng Sawit Curah
2025-06-05 00:00:00+00:00,17630.622753991527,16,Minyak Goreng Sawit Curah
2025-06-10 00:00:00+00:00,17607.4556352232,16,Minyak Goreng Sawit Curah
2025-06-11 00:00:00+00:00,17603.10570609319,16,Minyak Goreng Sawit Curah
2025-06-12 00:00:00+00:00,17598.560251547737,16,Minyak Goreng Sawit Curah
2025-06-13 00:00:00+00:00,17589.81477745194,16,Minyak Goreng Sawit Curah
2025-06-16 00:00:00+00:00,17580.26609237537,16,Minyak Goreng Sawit Curah
2025-06-17 00:00:00+00:00,17567.406312968393,16,Minyak Goreng Sawit Curah
2025-06-18 00:00:00+00:00,17566.627490876508,16,Minyak Goreng Sawit Curah
2025-06-19 00:00:00+00:00,17574.518498207886,16,Minyak Goreng Sawit Curah
2025-06-20 00:00:00+00:00,17552.854548550018,16,Minyak Goreng Sawit Curah
2025-06-23 00:00:00+00:00,17559.582876995762,16,Minyak Goreng Sawit Curah
2025-06-24 00:00:00+00:00,17497.781828608666,16,Minyak Goreng Sawit Curah
2025-06-25 00:00:00+00:00,17501.14198989899,16,Minyak Goreng Sawit Curah
2025-06-26 00:00:00+00:00,17524.95676018247,16,Minyak Goreng Sawit Curah
2025-06-30 00:00:00+00:00,17526.691870153143,16,Minyak Goreng Sawit Curah
2025-07-01 00:00:00+00:00,17508.793536819812,16,Minyak Goreng Sawit Curah
2025-07-02 00:00:00+00:00,17502.556950798305,16,Minyak Goreng Sawit Curah
2025-07-03 00:00:00+00:00,17505.912649723035,16,Minyak Goreng Sawit Curah
2025-07-04 00:00:00+00:00,17498.312481101337,16,Minyak Goreng Sawit Curah
2025-07-07 00:00:00+00:00,17512.763452101663,16,Minyak Goreng Sawit Curah
2025-07-08 00:00:00+00:00,17494.8826089117,16,Minyak Goreng Sawit Curah
2025-07-09 00:00:00+00:00,17498.914866976214,16,Minyak Goreng Sawit Curah
2025-07-10 00:00:00+00:00,17500.52777020202,16,Minyak Goreng Sawit Curah
2025-07-11 00:00:00+00:00,17500.229078445747,16,Minyak Goreng Sawit Curah
2025-07-14 00:00:00+00:00,17501.535482811993,16,Minyak Goreng Sawit Curah
2025-07-15 00:00:00+00:00,17511.022825594657,16,Minyak Goreng Sawit Curah
2025-07-16 00:00:00+00:00,17501.34544208211,16,Minyak Goreng Sawit Curah
2025-07-17 00:00:00+00:00,17502.67157111437,16,Minyak Goreng Sawit Curah
2025-07-18 00:00:00+00:00,17511.26417864125,16,Minyak Goreng Sawit Curah
2025-07-21 00:00:00+00:00,17511.509089035517,16,Minyak Goreng Sawit Curah
2025-07-22 00:00:00+00:00,17521.858524519386,16,Minyak Goreng Sawit Curah
2025-07-23 00:00:00+00:00,17516.482180433366,16,Minyak Goreng Sawit Curah
2025-07-24 00:00:00+00:00,17524.815486884978,16,Minyak Goreng Sawit Curah
2025-07-25 00:00:00+00:00,17517.397779162595,16,Minyak Goreng Sawit Curah
2025-07-28 00:00:00+00:00,17538.398512300424,16,Minyak Goreng Sawit Curah
2025-07-29 00:00:00+00:00,17541.150227842947,16,Minyak Goreng Sawit Curah
2025-07-30 00:00:00+00:00,17527.17173321929,16,Minyak Goreng Sawit Curah
2025-07-31 00:00:00+00:00,17530.920874226133,16,Minyak Goreng Sawit Curah
2025-08-01 00:00:00+00:00,17527.023041870318,16,Minyak Goreng Sawit Curah
2025-05-06 00:00:00+00:00,17045.296954613703,18,Minyakita
2025-05-07 00:00:00+00:00,16986.660264839516,18,Minyakita
2025-05-08 00:00:00+00:00,16986.660264839516,18,Minyakita
2025-05-09 00:00:00+00:00,17013.687224298974,18,Minyakita
2025-05-14 00:00:00+00:00,16992.00931213681,18,Minyakita
2025-05-15 00:00:00+00:00,16992.611665847668,18,Minyakita
2025-05-16 00:00:00+00:00,17000.730515375766,18,Minyakita
2025-05-19 00:00:00+00:00,16974.18893879919,18,Minyakita
2025-05-20 00:00:00+00:00,16978.422464597716,18,Minyakita
2025-05-21 00:00:00+00:00,17014.769352277603,18,Minyakita
2025-05-22 00:00:00+00:00,17005.347437863187,18,Minyakita
2025-05-23 00:00:00+00:00,16997.882875443625,18,Minyakita
2025-05-26 00:00:00+00:00,16942.399653699154,18,Minyakita
2025-05-27 00:00:00+00:00,16946.094438126438,18,Minyakita
2025-05-28 00:00:00+00:00,16838.199051489803,18,Minyakita
2025-06-02 00:00:00+00:00,16826.438371738623,18,Minyakita
2025-06-03 00:00:00+00:00,16852.78991255216,18,Minyakita
2025-06-04 00:00:00+00:00,16839.753495475994,18,Minyakita
2025-06-05 00:00:00+00:00,16853.048442416442,18,Minyakita
2025-06-10 00:00:00+00:00,16838.093392866893,18,Minyakita
2025-06-11 00:00:00+00:00,16818.449291413166,18,Minyakita
2025-06-12 00:00:00+00:00,16814.22251663839,18,Minyakita
2025-06-13 00:00:00+00:00,16808.53043391931,18,Minyakita
2025-06-16 00:00:00+00:00,16787.89018231056,18,Minyakita
2025-06-17 00:00:00+00:00,16778.34758739421,18,Minyakita
2025-06-18 00:00:00+00:00,16776.129161718538,18,Minyakita
2025-06-19 00:00:00+00:00,16788.057890629265,18,Minyakita
2025-06-20 00:00:00+00:00,16706.346178917553,18,Minyakita
2025-06-23 00:00:00+00:00,16722.702478467105,18,Minyakita
2025-06-24 00:00:00+00:00,16688.358116605243,18,Minyakita
2025-06-25 00:00:00+00:00,16691.088121587498,18,Minyakita
2025-06-26 00:00:00+00:00,16683.480526992902,18,Minyakita
2025-06-30 00:00:00+00:00,16692.489581046957,18,Minyakita
2025-07-01 00:00:00+00:00,16714.00753463691,18,Minyakita
2025-07-02 00:00:00+00:00,16720.93949409637,18,Minyakita
2025-07-03 00:00:00+00:00,16686.389926528802,18,Minyakita
2025-07-04 00:00:00+00:00,16672.111851921727,18,Minyakita
2025-07-07 00:00:00+00:00,16680.82593491381,18,Minyakita
2025-07-08 00:00:00+00:00,16670.26289437327,18,Minyakita
2025-07-09 00:00:00+00:00,16697.126116731994,18,Minyakita
2025-07-10 00:00:00+00:00,16686.900914029287,18,Minyakita
2025-07-11 00:00:00+00:00,16685.954968083344,18,Minyakita
2025-07-14 00:00:00+00:00,16705.30931493019,18,Minyakita
2025-07-15 00:00:00+00:00,16680.653983405482,18,Minyakita
2025-07-16 00:00:00+00:00,16608.071403825903,18,Minyakita
2025-07-17 00:00:00+00:00,16625.353647069147,18,Minyakita
2025-07-18 00:00:00+00:00,16622.096753812253,18,Minyakita
2025-07-21 00:00:00+00:00,16599.685181330682,18,Minyakita
2025-07-22 00:00:00+00:00,16601.71220835771,18,Minyakita
2025-07-23 00:00:00+00:00,16580.03051015951,18,Minyakita
2025-07-24 00:00:00+00:00,16582.763302952302,18,Minyakita
2025-07-25 00:00:00+00:00,16579.133794352794,18,Minyakita
2025-07-28 00:00:00+00:00,16597.21325995476,18,Minyakita
2025-07-29 00:00:00+00:00,16605.396435630435,18,Minyakita
2025-07-30 00:00:00+00:00,16637.299255723257,18,Minyakita
2025-07-31 00:00:00+00:00,16639.009340182714,18,Minyakita
2025-08-01 00:00:00+00:00,16632.796651520028,18,Minyakita
2025-05-06 00:00:00+00:00,13124.267052076213,26,Tepung Terigu
2025-05-07 00:00:00+00:00,13128.073419557417,26,Tepung Terigu
2025-05-08 00:00:00+00:00,13128.073419557417,26,Tepung Terigu
2025-05-09 00:00:00+00:00,13159.652366925837,26,Tepung Terigu
2025-05-14 00:00:00+00:00,13152.525097188995,26,Tepung Terigu
2025-05-15 00:00:00+00:00,13150.067548003532,26,Tepung Terigu
2025-05-16 00:00:00+00:00,13132.077182914672,26,Tepung Terigu
2025-05-19 00:00:00+00:00,13138.19096381579,26,Tepung Terigu
2025-05-20 00:00:00+00:00,13140.060545421318,26,Tepung Terigu
2025-05-21 00:00:00+00:00,13141.510432117226,26,Tepung Terigu
2025-05-22 00:00:00+00:00,13149.295514354068,26,Tepung Terigu
2025-05-23 00:00:00+00:00,13144.909593301436,26,Tepung Terigu
2025-05-26 00:00:00+00:00,13140.962224880383,26,Tepung Terigu
2025-05-27 00:00:00+00:00,13143.035546251993,26,Tepung Terigu
2025-05-28 00:00:00+00:00,13182.50923046252,26,Tepung Terigu
2025-06-02 00:00:00+00:00,13183.825019936205,26,Tepung Terigu
2025-06-03 00:00:00+00:00,13170.667125199361,26,Tepung Terigu
2025-06-04 00:00:00+00:00,13168.035546251993,26,Tepung Terigu
2025-06-05 00:00:00+00:00,13161.602805023924,26,Tepung Terigu
2025-06-10 00:00:00+00:00,13174.955582801702,26,Tepung Terigu
2025-06-11 00:00:00+00:00,13174.955582801702,26,Tepung Terigu
2025-06-12 00:00:00+00:00,13194.692424906965,26,Tepung Terigu
2025-06-13 00:00:00+00:00,13174.955582801702,26,Tepung Terigu
2025-06-16 00:00:00+00:00,13167.670082801702,26,Tepung Terigu
2025-06-17 00:00:00+00:00,13180.55994683679,26,Tepung Terigu
2025-06-18 00:00:00+00:00,13195.801170521,26,Tepung Terigu
2025-06-19 00:00:00+00:00,13270.272874269005,26,Tepung Terigu
2025-06-20 00:00:00+00:00,13284.447470760233,26,Tepung Terigu
2025-06-23 00:00:00+00:00,13384.686701621478,26,Tepung Terigu
2025-06-24 00:00:00+00:00,13417.249197634237,26,Tepung Terigu
2025-06-25 00:00:00+00:00,13414.398329213185,26,Tepung Terigu
2025-06-26 00:00:00+00:00,13397.29306605529,26,Tepung Terigu
2025-06-30 00:00:00+00:00,13397.29306605529,26,Tepung Terigu
2025-07-01 00:00:00+00:00,13394.634876262626,26,Tepung Terigu
2025-07-02 00:00:00+00:00,13399.751893806486,26,Tepung Terigu
2025-07-03 00:00:00+00:00,13397.638664141414,26,Tepung Terigu
2025-07-04 00:00:00+00:00,13395.777914540138,26,Tepung Terigu
2025-07-07 00:00:00+00:00,13360.690151382243,26,Tepung Terigu
2025-07-08 00:00:00+00:00,13399.291487639553,26,Tepung Terigu
2025-07-09 00:00:00+00:00,13395.12487799043,26,Tepung Terigu
2025-07-10 00:00:00+00:00,13393.809049043062,26,Tepung Terigu
2025-07-11 00:00:00+00:00,13393.809049043062,26,Tepung Terigu
2025-07-14 00:00:00+00:00,13396.002009569378,26,Tepung Terigu
2025-07-15 00:00:00+00:00,13396.002009569378,26,Tepung Terigu
2025-07-16 00:00:00+00:00,13395.344114832536,26,Tepung Terigu
2025-07-17 00:00:00+00:00,13395.051702551835,26,Tepung Terigu
2025-07-18 00:00:00+00:00,13394.028325358851,26,Tepung Terigu
2025-07-21 00:00:00+00:00,13403.2875943647,26,Tepung Terigu
2025-07-22 00:00:00+00:00,13395.392857522595,26,Tepung Terigu
2025-07-23 00:00:00+00:00,13399.340225943646,26,Tepung Terigu
2025-07-24 00:00:00+00:00,13391.445489101541,26,Tepung Terigu
2025-07-25 00:00:00+00:00,13391.445489101541,26,Tepung Terigu
2025-07-28 00:00:00+00:00,13388.156015417331,26,Tepung Terigu
2025-07-29 00:00:00+00:00,13391.29928296119,26,Tepung Terigu
2025-07-30 00:00:00+00:00,13391.29928296119,26,Tepung Terigu
2025-07-31 00:00:00+00:00,13389.983493487507,26,Tepung Terigu
2025-08-01 00:00:00+00:00,13392.9075066454,26,Tepung Terigu
2025-05-06 00:00:00+00:00,15135.94975873016,48,Kedelai Impor
2025-05-07 00:00:00+00:00,15124.283044444444,48,Kedelai Impor
2025-05-08 00:00:00+00:00,15111.584615873016,48,Kedelai Impor
2025-05-09 00:00:00+00:00,15117.2989015873,48,Kedelai Impor
2025-05-14 00:00:00+00:00,15133.013115873016,48,Kedelai Impor
2025-05-15 00:00:00+00:00,15126.044866666667,48,Kedelai Impor
2025-05-16 00:00:00+00:00,15100.513120634922,48,Kedelai Impor
2025-05-19 00:00:00+00:00,15121.148025396826,48,Kedelai Impor
2025-05-20 00:00:00+00:00,15137.523707936509,48,Kedelai Impor
2025-05-21 00:00:00+00:00,15131.095136507936,48,Kedelai Impor
2025-05-22 00:00:00+00:00,15122.761893650793,48,Kedelai Impor
2025-05-23 00:00:00+00:00,15123.714179365079,48,Kedelai Impor
2025-05-26 00:00:00+00:00,15126.095131746031,48,Kedelai Impor
2025-05-27 00:00:00+00:00,15123.809417460317,48,Kedelai Impor
2025-05-28 00:00:00+00:00,15126.66656031746,48,Kedelai Impor
2025-06-02 00:00:00+00:00,15086.904655555556,48,Kedelai Impor
2025-06-03 00:00:00+00:00,15085.714184126984,48,Kedelai Impor
2025-06-04 00:00:00+00:00,15085.476084126984,48,Kedelai Impor
2025-06-05 00:00:00+00:00,15059.523726984127,48,Kedelai Impor
2025-06-10 00:00:00+00:00,15093.69036984127,48,Kedelai Impor
2025-06-11 00:00:00+00:00,15078.161258730159,48,Kedelai Impor
2025-06-12 00:00:00+00:00,15086.256515873016,48,Kedelai Impor
2025-06-13 00:00:00+00:00,15081.780325396825,48,Kedelai Impor
2025-06-16 00:00:00+00:00,15077.335880952382,48,Kedelai Impor
2025-06-17 00:00:00+00:00,15083.685068253968,48,Kedelai Impor
2025-06-18 00:00:00+00:00,15090.351753968254,48,Kedelai Impor
2025-06-19 00:00:00+00:00,15065.748668253967,48,Kedelai Impor
2025-06-20 00:00:00+00:00,15059.399477777777,48,Kedelai Impor
2025-06-23 00:00:00+00:00,15025.404747619048,48,Kedelai Impor
2025-06-24 00:00:00+00:00,15033.261890476191,48,Kedelai Impor
2025-06-25 00:00:00+00:00,15028.500033333334,48,Kedelai Impor
2025-06-26 00:00:00+00:00,15016.595271428572,48,Kedelai Impor
2025-06-30 00:00:00+00:00,15017.124382539683,48,Kedelai Impor
2025-07-01 00:00:00+00:00,15018.47365873016,48,Kedelai Impor
2025-07-02 00:00:00+00:00,15017.203753968253,48,Kedelai Impor
2025-07-03 00:00:00+00:00,15020.37843968254,48,Kedelai Impor
2025-07-04 00:00:00+00:00,15022.164153968253,48,Kedelai Impor
2025-07-07 00:00:00+00:00,15016.105857142857,48,Kedelai Impor
2025-07-08 00:00:00+00:00,15016.748666666666,48,Kedelai Impor
2025-07-09 00:00:00+00:00,15031.351809523809,48,Kedelai Impor
2025-07-10 00:00:00+00:00,15030.87560952381,48,Kedelai Impor
2025-07-11 00:00:00+00:00,15032.391514285715,48,Kedelai Impor
2025-07-14 00:00:00+00:00,15031.862403174604,48,Kedelai Impor
2025-07-15 00:00:00+00:00,15031.544974603175,48,Kedelai Impor
2025-07-16 00:00:00+00:00,15021.148149206349,48,Kedelai Impor
2025-07-17 00:00:00+00:00,14915.433863492064,48,Kedelai Impor
2025-07-18 00:00:00+00:00,14914.719601587301,48,Kedelai Impor
2025-07-21 00:00:00+00:00,15005.195792063492,48,Kedelai Impor
2025-07-22 00:00:00+00:00,14988.052934920635,48,Kedelai Impor
2025-07-23 00:00:00+00:00,14985.195792063492,48,Kedelai Impor
2025-07-24 00:00:00+00:00,14973.767315873016,48,Kedelai Impor
2025-07-25 00:00:00+00:00,14956.889006349207,48,Kedelai Impor
2025-07-28 00:00:00+00:00,14959.984256349206,48,Kedelai Impor
2025-07-29 00:00:00+00:00,14945.698542063492,48,Kedelai Impor
2025-07-30 00:00:00+00:00,14914.984256349206,48,Kedelai Impor
2025-07-31 00:00:00+00:00,14906.889018253969,48,Kedelai Impor
2025-08-01 00:00:00+00:00,14906.293768253969,48,Kedelai Impor
2025-05-06 00:00:00+00:00,55217.35757858187,2,Cabai Merah Keriting
2025-05-07 00:00:00+00:00,55775.19672029031,2,Cabai Merah Keriting
2025-05-08 00:00:00+00:00,55734.99385568087,2,Cabai Merah Keriting
2025-05-09 00:00:00+00:00,56163.36145765455,2,Cabai Merah Keriting
2025-05-14 00:00:00+00:00,54769.93877172097,2,Cabai Merah Keriting
2025-05-15 00:00:00+00:00,55323.30994695071,2,Cabai Merah Keriting
2025-05-16 00:00:00+00:00,55225.33756887009,2,Cabai Merah Keriting
2025-05-19 00:00:00+00:00,53358.31251587302,2,Cabai Merah Keriting
2025-05-20 00:00:00+00:00,52316.44232450919,2,Cabai Merah Keriting
2025-05-21 00:00:00+00:00,51212.701956923556,2,Cabai Merah Keriting
2025-05-22 00:00:00+00:00,50844.768319601084,2,Cabai Merah Keriting
2025-05-23 00:00:00+00:00,50154.629659356724,2,Cabai Merah Keriting
2025-05-26 00:00:00+00:00,48185.324326649956,2,Cabai Merah Keriting
2025-05-27 00:00:00+00:00,47577.81253378237,2,Cabai Merah Keriting
2025-05-28 00:00:00+00:00,47891.31849122807,2,Cabai Merah Keriting
2025-06-02 00:00:00+00:00,48180.71193984962,2,Cabai Merah Keriting
2025-06-03 00:00:00+00:00,48424.24795138889,2,Cabai Merah Keriting
2025-06-04 00:00:00+00:00,49125.92755085631,2,Cabai Merah Keriting
2025-06-05 00:00:00+00:00,50460.030160192146,2,Cabai Merah Keriting
2025-06-10 00:00:00+00:00,50934.15678738513,2,Cabai Merah Keriting
2025-06-11 00:00:00+00:00,50199.98791530911,2,Cabai Merah Keriting
2025-06-12 00:00:00+00:00,49040.36324827694,2,Cabai Merah Keriting
2025-06-13 00:00:00+00:00,48210.27060442774,2,Cabai Merah Keriting
2025-06-16 00:00:00+00:00,45582.47540267335,2,Cabai Merah Keriting
2025-06-17 00:00:00+00:00,45002.4315662594,2,Cabai Merah Keriting
2025-06-18 00:00:00+00:00,45615.79297812239,2,Cabai Merah Keriting
2025-06-19 00:00:00+00:00,45450.97979720134,2,Cabai Merah Keriting
2025-06-20 00:00:00+00:00,46074.28094434002,2,Cabai Merah Keriting
2025-06-23 00:00:00+00:00,45815.63964442356,2,Cabai Merah Keriting
2025-06-24 00:00:00+00:00,44901.362875,2,Cabai Merah Keriting
2025-06-25 00:00:00+00:00,44577.84044209482,2,Cabai Merah Keriting
2025-06-26 00:00:00+00:00,43997.75677647243,2,Cabai Merah Keriting
2025-06-30 00:00:00+00:00,45315.68328148496,2,Cabai Merah Keriting
2025-07-01 00:00:00+00:00,45325.36902417502,2,Cabai Merah Keriting
2025-07-02 00:00:00+00:00,45487.29803910819,2,Cabai Merah Keriting
2025-07-03 00:00:00+00:00,45403.089260599416,2,Cabai Merah Keriting
2025-07-04 00:00:00+00:00,45053.14479620927,2,Cabai Merah Keriting
2025-07-07 00:00:00+00:00,47085.13647029031,2,Cabai Merah Keriting
2025-07-08 00:00:00+00:00,47888.45373835631,2,Cabai Merah Keriting
2025-07-09 00:00:00+00:00,48425.52913157894,2,Cabai Merah Keriting
2025-07-10 00:00:00+00:00,49156.29706411863,2,Cabai Merah Keriting
2025-07-11 00:00:00+00:00,49442.15932957394,2,Cabai Merah Keriting
2025-07-14 00:00:00+00:00,50546.67915606725,2,Cabai Merah Keriting
2025-07-15 00:00:00+00:00,51338.87304866333,2,Cabai Merah Keriting
2025-07-16 00:00:00+00:00,51076.07021125731,2,Cabai Merah Keriting
2025-07-17 00:00:00+00:00,51481.71969329574,2,Cabai Merah Keriting
2025-07-18 00:00:00+00:00,50074.340276629075,2,Cabai Merah Keriting
2025-07-21 00:00:00+00:00,50450.7085320071,2,Cabai Merah Keriting
2025-07-22 00:00:00+00:00,50360.639463502506,2,Cabai Merah Keriting
2025-07-23 00:00:00+00:00,50565.552830513785,2,Cabai Merah Keriting
2025-07-24 00:00:00+00:00,50097.057015403094,2,Cabai Merah Keriting
2025-07-25 00:00:00+00:00,49773.097674655386,2,Cabai Merah Keriting
2025-07-28 00:00:00+00:00,48645.42960218254,2,Cabai Merah Keriting
2025-07-29 00:00:00+00:00,48131.47627537594,2,Cabai Merah Keriting
2025-07-30 00:00:00+00:00,47668.28008166249,2,Cabai Merah Keriting
2025-07-31 00:00:00+00:00,47742.49339014202,2,Cabai Merah Keriting
2025-08-01 00:00:00+00:00,48204.68178675856,2,Cabai Merah Keriting
2025-05-06 00:00:00+00:00,63530.85938068657,10,Cabai Rawit Merah
2025-05-07 00:00:00+00:00,63344.34047451489,10,Cabai Rawit Merah
2025-05-08 00:00:00+00:00,62522.75366636762,10,Cabai Rawit Merah
2025-05-09 00:00:00+00:00,62187.024656034024,10,Cabai Rawit Merah
2025-05-14 00:00:00+00:00,58508.856881180225,10,Cabai Rawit Merah
2025-05-15 00:00:00+00:00,56854.31601687932,10,Cabai Rawit Merah
2025-05-16 00:00:00+00:00,56820.38682741892,10,Cabai Rawit Merah
2025-05-19 00:00:00+00:00,54200.94381436071,10,Cabai Rawit Merah
2025-05-20 00:00:00+00:00,53307.33110459862,10,Cabai Rawit Merah
2025-05-21 00:00:00+00:00,52038.28314766082,10,Cabai Rawit Merah
2025-05-22 00:00:00+00:00,51777.0702979798,10,Cabai Rawit Merah
2025-05-23 00:00:00+00:00,50479.33948800505,10,Cabai Rawit Merah
2025-05-26 00:00:00+00:00,49447.25206774987,10,Cabai Rawit Merah
2025-05-27 00:00:00+00:00,49131.372909655765,10,Cabai Rawit Merah
2025-05-28 00:00:00+00:00,49835.45319314859,10,Cabai Rawit Merah
2025-06-02 00:00:00+00:00,50362.023633938064,10,Cabai Rawit Merah
2025-06-03 00:00:00+00:00,51776.303536582935,10,Cabai Rawit Merah
2025-06-04 00:00:00+00:00,52561.000407263426,10,Cabai Rawit Merah
2025-06-05 00:00:00+00:00,53407.583534755446,10,Cabai Rawit Merah
2025-06-10 00:00:00+00:00,56001.7886610513,10,Cabai Rawit Merah
2025-06-11 00:00:00+00:00,56017.937133306754,10,Cabai Rawit Merah
2025-06-12 00:00:00+00:00,54461.469930921055,10,Cabai Rawit Merah
2025-06-13 00:00:00+00:00,53450.15650056486,10,Cabai Rawit Merah
2025-06-16 00:00:00+00:00,54046.30758346624,10,Cabai Rawit Merah
2025-06-17 00:00:00+00:00,54520.55667879452,10,Cabai Rawit Merah
2025-06-18 00:00:00+00:00,55263.01517693381,10,Cabai Rawit Merah
2025-06-19 00:00:00+00:00,56382.71420886496,10,Cabai Rawit Merah
2025-06-20 00:00:00+00:00,57758.090998471554,10,Cabai Rawit Merah
2025-06-23 00:00:00+00:00,60074.65148810473,10,Cabai Rawit Merah
2025-06-24 00:00:00+00:00,60958.88852797714,10,Cabai Rawit Merah
2025-06-25 00:00:00+00:00,60803.38048538012,10,Cabai Rawit Merah
2025-06-26 00:00:00+00:00,61582.98548391813,10,Cabai Rawit Merah
2025-06-30 00:00:00+00:00,64457.963287380386,10,Cabai Rawit Merah
2025-07-01 00:00:00+00:00,65694.76773933413,10,Cabai Rawit Merah
2025-07-02 00:00:00+00:00,66515.80726133041,10,Cabai Rawit Merah
2025-07-03 00:00:00+00:00,66772.11262091307,10,Cabai Rawit Merah
2025-07-04 00:00:00+00:00,66760.95610363504,10,Cabai Rawit Merah
2025-07-07 00:00:00+00:00,69886.02698375199,10,Cabai Rawit Merah
2025-07-08 00:00:00+00:00,70841.85602096624,10,Cabai Rawit Merah
2025-07-09 00:00:00+00:00,72056.4248576555,10,Cabai Rawit Merah
2025-07-10 00:00:00+00:00,71640.16245022595,10,Cabai Rawit Merah
2025-07-11 00:00:00+00:00,70720.68261636098,10,Cabai Rawit Merah
2025-07-14 00:00:00+00:00,72187.58516085194,10,Cabai Rawit Merah
2025-07-15 00:00:00+00:00,73335.29147547847,10,Cabai Rawit Merah
2025-07-16 00:00:00+00:00,73550.1404863437,10,Cabai Rawit Merah
2025-07-17 00:00:00+00:00,73280.46783147262,10,Cabai Rawit Merah
2025-07-18 00:00:00+00:00,72878.91961596225,10,Cabai Rawit Merah
2025-07-21 00:00:00+00:00,69238.66716035354,10,Cabai Rawit Merah
2025-07-22 00:00:00+00:00,67594.81417666799,10,Cabai Rawit Merah
2025-07-23 00:00:00+00:00,67344.19734582669,10,Cabai Rawit Merah
2025-07-24 00:00:00+00:00,66594.69457927963,10,Cabai Rawit Merah
2025-07-25 00:00:00+00:00,66336.72565829346,10,Cabai Rawit Merah
2025-07-28 00:00:00+00:00,64345.79104704944,10,Cabai Rawit Merah
2025-07-29 00:00:00+00:00,62497.85664015151,10,Cabai Rawit Merah
2025-07-30 00:00:00+00:00,61634.572292397665,10,Cabai Rawit Merah
2025-07-31 00:00:00+00:00,60894.5737549176,10,Cabai Rawit Merah
2025-08-01 00:00:00+00:00,60533.80063722754,10,Cabai Rawit Merah
2025-05-06 00:00:00+00:00,55758.45957572665,9,Cabai Merah Besar
2025-05-07 00:00:00+00:00,55637.593913419914,9,Cabai Merah Besar
2025-05-08 00:00:00+00:00,54881.75686212121,9,Cabai Merah Besar
2025-05-09 00:00:00+00:00,54893.54617597403,9,Cabai Merah Besar
2025-05-14 00:00:00+00:00,52992.2076012987,9,Cabai Merah Besar
2025-05-15 00:00:00+00:00,52560.39439635642,9,Cabai Merah Besar
2025-05-16 00:00:00+00:00,52249.39023398268,9,Cabai Merah Besar
2025-05-19 00:00:00+00:00,50743.52101645021,9,Cabai Merah Besar
2025-05-20 00:00:00+00:00,50248.45605984848,9,Cabai Merah Besar
2025-05-21 00:00:00+00:00,49423.61847056277,9,Cabai Merah Besar
2025-05-22 00:00:00+00:00,49142.741820238094,9,Cabai Merah Besar
2025-05-23 00:00:00+00:00,48398.49205010822,9,Cabai Merah Besar
2025-05-26 00:00:00+00:00,47670.02497316017,9,Cabai Merah Besar
2025-05-27 00:00:00+00:00,47426.02439772727,9,Cabai Merah Besar
2025-05-28 00:00:00+00:00,47670.58435800866,9,Cabai Merah Besar
2025-06-02 00:00:00+00:00,48955.7539987013,9,Cabai Merah Besar
2025-06-03 00:00:00+00:00,49329.119626623375,9,Cabai Merah Besar
2025-06-04 00:00:00+00:00,49525.1190551948,9,Cabai Merah Besar
2025-06-05 00:00:00+00:00,50920.36540786542,9,Cabai Merah Besar
2025-06-10 00:00:00+00:00,51368.06290746753,9,Cabai Merah Besar
2025-06-11 00:00:00+00:00,51073.65460432901,9,Cabai Merah Besar
2025-06-12 00:00:00+00:00,49964.20262337662,9,Cabai Merah Besar
2025-06-13 00:00:00+00:00,49452.637035497835,9,Cabai Merah Besar
2025-06-16 00:00:00+00:00,46092.03354520202,9,Cabai Merah Besar
2025-06-17 00:00:00+00:00,45549.15927261905,9,Cabai Merah Besar
2025-06-18 00:00:00+00:00,45351.504082142856,9,Cabai Merah Besar
2025-06-19 00:00:00+00:00,45131.47533766234,9,Cabai Merah Besar
2025-06-20 00:00:00+00:00,45237.07406147186,9,Cabai Merah Besar
2025-06-23 00:00:00+00:00,45227.72367316017,9,Cabai Merah Besar
2025-06-24 00:00:00+00:00,45355.869432251086,9,Cabai Merah Besar
2025-06-25 00:00:00+00:00,44899.321782251085,9,Cabai Merah Besar
2025-06-26 00:00:00+00:00,44637.514484848485,9,Cabai Merah Besar
2025-06-30 00:00:00+00:00,45059.89891818182,9,Cabai Merah Besar
2025-07-01 00:00:00+00:00,44984.051023376625,9,Cabai Merah Besar
2025-07-02 00:00:00+00:00,44847.56449145022,9,Cabai Merah Besar
2025-07-03 00:00:00+00:00,44658.13809523809,9,Cabai Merah Besar
2025-07-04 00:00:00+00:00,44888.376286147184,9,Cabai Merah Besar
2025-07-07 00:00:00+00:00,46018.31514025974,9,Cabai Merah Besar
2025-07-08 00:00:00+00:00,46664.20269329004,9,Cabai Merah Besar
2025-07-09 00:00:00+00:00,47027.33042034632,9,Cabai Merah Besar
2025-07-10 00:00:00+00:00,47002.5109780303,9,Cabai Merah Besar
2025-07-11 00:00:00+00:00,47374.57790974026,9,Cabai Merah Besar
2025-07-14 00:00:00+00:00,49742.618993181815,9,Cabai Merah Besar
2025-07-15 00:00:00+00:00,50015.92720681818,9,Cabai Merah Besar
2025-07-16 00:00:00+00:00,49794.41551958874,9,Cabai Merah Besar
2025-07-17 00:00:00+00:00,49761.82902012987,9,Cabai Merah Besar
2025-07-18 00:00:00+00:00,49651.77501753247,9,Cabai Merah Besar
2025-07-21 00:00:00+00:00,48942.37014329004,9,Cabai Merah Besar
2025-07-22 00:00:00+00:00,48809.473210822514,9,Cabai Merah Besar
2025-07-23 00:00:00+00:00,48810.81516374459,9,Cabai Merah Besar
2025-07-24 00:00:00+00:00,48672.76336450216,9,Cabai Merah Besar
2025-07-25 00:00:00+00:00,49569.660952597405,9,Cabai Merah Besar
2025-07-28 00:00:00+00:00,49886.50051753247,9,Cabai Merah Besar
2025-07-29 00:00:00+00:00,49520.086206277054,9,Cabai Merah Besar
2025-07-30 00:00:00+00:00,49649.20959718615,9,Cabai Merah Besar
2025-07-31 00:00:00+00:00,50020.35690714286,9,Cabai Merah Besar
2025-08-01 00:00:00+00:00,50369.42628755411,9,Cabai Merah Besar
2025-05-06 00:00:00+00:00,43305.25038908351,13,Bawang Merah
2025-05-07 00:00:00+00:00,42904.72020112307,13,Bawang Merah
2025-05-08 00:00:00+00:00,42760.238114201224,13,Bawang Merah
2025-05-09 00:00:00+00:00,42413.65289596624,13,Bawang Merah
2025-05-14 00:00:00+00:00,41634.52062616294,13,Bawang Merah
2025-05-15 00:00:00+00:00,41373.140222734866,13,Bawang Merah
2025-05-16 00:00:00+00:00,41188.65761476608,13,Bawang Merah
2025-05-19 00:00:00+00:00,40848.25908761962,13,Bawang Merah
2025-05-20 00:00:00+00:00,40725.507552033494,13,Bawang Merah
2025-05-21 00:00:00+00:00,40325.43108020999,13,Bawang Merah
2025-05-22 00:00:00+00:00,40240.35774082935,13,Bawang Merah
2025-05-23 00:00:00+00:00,40096.88906120414,13,Bawang Merah
2025-05-26 00:00:00+00:00,39789.54700907097,13,Bawang Merah
2025-05-27 00:00:00+00:00,39646.14776920521,13,Bawang Merah
2025-05-28 00:00:00+00:00,39587.91857286682,13,Bawang Merah
2025-06-02 00:00:00+00:00,39967.85391530436,13,Bawang Merah
2025-06-03 00:00:00+00:00,40103.91309552764,13,Bawang Merah
2025-06-04 00:00:00+00:00,40298.761702684744,13,Bawang Merah
2025-06-05 00:00:00+00:00,40600.00108758639,13,Bawang Merah
2025-06-10 00:00:00+00:00,41334.2406470295,13,Bawang Merah
2025-06-11 00:00:00+00:00,41639.2345528974,13,Bawang Merah
2025-06-12 00:00:00+00:00,42062.919989101545,13,Bawang Merah
2025-06-13 00:00:00+00:00,42512.74490550239,13,Bawang Merah
2025-06-16 00:00:00+00:00,44660.196223451625,13,Bawang Merah
2025-06-17 00:00:00+00:00,45535.23178797847,13,Bawang Merah
2025-06-18 00:00:00+00:00,46168.57625588118,13,Bawang Merah
2025-06-19 00:00:00+00:00,46722.32853585194,13,Bawang Merah
2025-06-20 00:00:00+00:00,47052.2239805622,13,Bawang Merah
2025-06-23 00:00:00+00:00,47772.05270192052,13,Bawang Merah
2025-06-24 00:00:00+00:00,47969.009054758106,13,Bawang Merah
2025-06-25 00:00:00+00:00,48005.91543773259,13,Bawang Merah
2025-06-26 00:00:00+00:00,47813.5478307084,13,Bawang Merah
2025-06-30 00:00:00+00:00,47766.87824946837,13,Bawang Merah
2025-07-01 00:00:00+00:00,47375.1252578748,13,Bawang Merah
2025-07-02 00:00:00+00:00,47283.52053664939,13,Bawang Merah
2025-07-03 00:00:00+00:00,47152.65595677166,13,Bawang Merah
2025-07-04 00:00:00+00:00,47110.01030485779,13,Bawang Merah
2025-07-07 00:00:00+00:00,46972.60085220628,13,Bawang Merah
2025-07-08 00:00:00+00:00,47112.41463633041,13,Bawang Merah
2025-07-09 00:00:00+00:00,47067.19367656831,13,Bawang Merah
2025-07-10 00:00:00+00:00,46980.84327837586,13,Bawang Merah
2025-07-11 00:00:00+00:00,47237.74914300904,13,Bawang Merah
2025-07-14 00:00:00+00:00,48258.004349548115,13,Bawang Merah
2025-07-15 00:00:00+00:00,48540.67544102206,13,Bawang Merah
2025-07-16 00:00:00+00:00,48159.38548557948,13,Bawang Merah
2025-07-17 00:00:00+00:00,48232.75514144737,13,Bawang Merah
2025-07-18 00:00:00+00:00,48359.33464742823,13,Bawang Merah
2025-07-21 00:00:00+00:00,49789.6893907496,13,Bawang Merah
2025-07-22 00:00:00+00:00,50248.348464978735,13,Bawang Merah
2025-07-23 00:00:00+00:00,50968.48513599814,13,Bawang Merah
2025-07-24 00:00:00+00:00,51785.896072999734,13,Bawang Merah
2025-07-25 00:00:00+00:00,52063.144409157365,13,Bawang Merah
2025-07-28 00:00:00+00:00,54007.02517769803,13,Bawang Merah
2025-07-29 00:00:00+00:00,54328.10011739101,13,Bawang Merah
2025-07-30 00:00:00+00:00,54389.56018946039,13,Bawang Merah
2025-07-31 00:00:00+00:00,54760.07219557416,13,Bawang Merah
2025-08-01 00:00:00+00:00,54835.68462646199,13,Bawang Merah
2025-05-06 00:00:00+00:00,44956.48490241228,38,Bawang Putih Honan
2025-05-07 00:00:00+00:00,44829.5112360589,38,Bawang Putih Honan
2025-05-08 00:00:00+00:00,44761.00139473684,38,Bawang Putih Honan
2025-05-09 00:00:00+00:00,44663.11096522556,38,Bawang Putih Honan
2025-05-14 00:00:00+00:00,44115.18376347118,38,Bawang Putih Honan
2025-05-15 00:00:00+00:00,44075.84062285923,38,Bawang Putih Honan
2025-05-16 00:00:00+00:00,43926.341951597744,38,Bawang Putih Honan
2025-05-19 00:00:00+00:00,43648.57982033208,38,Bawang Putih Honan
2025-05-20 00:00:00+00:00,43476.24811011905,38,Bawang Putih Honan
2025-05-21 00:00:00+00:00,43323.86710682957,38,Bawang Putih Honan
2025-05-22 00:00:00+00:00,43244.5698927005,38,Bawang Putih Honan
2025-05-23 00:00:00+00:00,43139.23362844611,38,Bawang Putih Honan
2025-05-26 00:00:00+00:00,42715.27259367168,38,Bawang Putih Honan
2025-05-27 00:00:00+00:00,42519.66377255639,38,Bawang Putih Honan
2025-05-28 00:00:00+00:00,42529.05701206141,38,Bawang Putih Honan
2025-06-02 00:00:00+00:00,41869.700291823305,38,Bawang Putih Honan
2025-06-03 00:00:00+00:00,41744.02166744987,38,Bawang Putih Honan
2025-06-04 00:00:00+00:00,41645.26420911654,38,Bawang Putih Honan
2025-06-05 00:00:00+00:00,41691.374381109024,38,Bawang Putih Honan
2025-06-10 00:00:00+00:00,41454.55303211153,38,Bawang Putih Honan
2025-06-11 00:00:00+00:00,41393.17562453008,38,Bawang Putih Honan
2025-06-12 00:00:00+00:00,41307.71202474937,38,Bawang Putih Honan
2025-06-13 00:00:00+00:00,40960.750865288224,38,Bawang Putih Honan
2025-06-16 00:00:00+00:00,40806.49041233292,38,Bawang Putih Honan
2025-06-17 00:00:00+00:00,40629.03630184837,38,Bawang Putih Honan
2025-06-18 00:00:00+00:00,40684.23673449248,38,Bawang Putih Honan
2025-06-19 00:00:00+00:00,40533.95494188597,38,Bawang Putih Honan
2025-06-20 00:00:00+00:00,40426.206290570175,38,Bawang Putih Honan
2025-06-23 00:00:00+00:00,40627.35514708647,38,Bawang Putih Honan
2025-06-24 00:00:00+00:00,40547.749861998745,38,Bawang Putih Honan
2025-06-25 00:00:00+00:00,40695.337690946115,38,Bawang Putih Honan
2025-06-26 00:00:00+00:00,40590.85245285088,38,Bawang Putih Honan
2025-06-30 00:00:00+00:00,40584.14817183584,38,Bawang Putih Honan
2025-07-01 00:00:00+00:00,40250.42842089599,38,Bawang Putih Honan
2025-07-02 00:00:00+00:00,40153.832654918544,38,Bawang Putih Honan
2025-07-03 00:00:00+00:00,40067.47083380326,38,Bawang Putih Honan
2025-07-04 00:00:00+00:00,39976.26372979323,38,Bawang Putih Honan
2025-07-07 00:00:00+00:00,39891.76076613409,38,Bawang Putih Honan
2025-07-08 00:00:00+00:00,39908.192534617796,38,Bawang Putih Honan
2025-07-09 00:00:00+00:00,40004.80394799499,38,Bawang Putih Honan
2025-07-10 00:00:00+00:00,39724.06539317043,38,Bawang Putih Honan
2025-07-11 00:00:00+00:00,39586.64900407268,38,Bawang Putih Honan
2025-07-14 00:00:00+00:00,39542.011254072684,38,Bawang Putih Honan
2025-07-15 00:00:00+00:00,39466.687535401004,38,Bawang Putih Honan
2025-07-16 00:00:00+00:00,39510.20251973684,38,Bawang Putih Honan
2025-07-17 00:00:00+00:00,39554.15091588346,38,Bawang Putih Honan
2025-07-18 00:00:00+00:00,39507.69623496241,38,Bawang Putih Honan
2025-07-21 00:00:00+00:00,39575.68382064536,38,Bawang Putih Honan
2025-07-22 00:00:00+00:00,39534.54972603384,38,Bawang Putih Honan
2025-07-23 00:00:00+00:00,39544.345199718045,38,Bawang Putih Honan
2025-07-24 00:00:00+00:00,39597.78615993108,38,Bawang Putih Honan
2025-07-25 00:00:00+00:00,39435.92837609649,38,Bawang Putih Honan
2025-07-28 00:00:00+00:00,39485.45309758772,38,Bawang Putih Honan
2025-07-29 00:00:00+00:00,39376.64457346491,38,Bawang Putih Honan
2025-07-30 00:00:00+00:00,39362.60954057018,38,Bawang Putih Honan
2025-07-31 00:00:00+00:00,39324.59782675438,38,Bawang Putih Honan
2025-08-01 00:00:00+00:00,39118.384356359646,38,Bawang Putih Honan
