,Area,Item,Year,hg/ha_yield,average_rain_fall_mm_per_year,pesticides_tonnes,avg_temp
0,Indonesia,Cassava,1990,120691,2702.0,2432.0,25.37
1,Indonesia,Cassava,1990,120691,2702.0,2432.0,27.05
2,Indonesia,Cassava,1990,120691,2702.0,2432.0,27.11
3,Indonesia,Cassava,1990,120691,2702.0,2432.0,27.18
4,Indonesia,Cassava,1990,120691,2702.0,2432.0,26.79
5,Indonesia,Cassava,1990,120691,2702.0,2432.0,27.47
6,Indonesia,Cassava,1991,120946,2702.0,3259.0,25.27
7,Indonesia,Cassava,1991,120946,2702.0,3259.0,27.04
8,Indonesia,Cassava,1991,120946,2702.0,3259.0,26.92
9,Indonesia,Cassava,1991,120946,2702.0,3259.0,27.05
10,Indonesia,Cassava,1991,120946,2702.0,3259.0,26.61
11,Indonesia,Cassava,1991,120946,2702.0,3259.0,27.21
12,Indonesia,Cassava,1992,122220,2702.0,825.0,25.17
13,Indonesia,Cassava,1992,122220,2702.0,825.0,26.96
14,Indonesia,Cassava,1992,122220,2702.0,825.0,27.01
15,Indonesia,Cassava,1992,122220,2702.0,825.0,27.2
16,Indonesia,Cassava,1992,122220,2702.0,825.0,26.72
17,Indonesia,Cassava,1992,122220,2702.0,825.0,27.4
18,Indonesia,Cassava,1993,123323,2702.0,1597.0,25.46
19,Indonesia,Cassava,1993,123323,2702.0,1597.0,27.04
20,Indonesia,Cassava,1993,123323,2702.0,1597.0,26.9
21,Indonesia,Cassava,1993,123323,2702.0,1597.0,27.21
22,Indonesia,Cassava,1993,123323,2702.0,1597.0,26.88
23,Indonesia,Cassava,1993,123323,2702.0,1597.0,27.51
24,Indonesia,Cassava,1994,115946,2702.0,1597.0,25.21
25,Indonesia,Cassava,1994,115946,2702.0,1597.0,27.12
26,Indonesia,Cassava,1994,115946,2702.0,1597.0,26.97
27,Indonesia,Cassava,1994,115946,2702.0,1597.0,27.34
28,Indonesia,Cassava,1994,115946,2702.0,1597.0,26.56
29,Indonesia,Cassava,1994,115946,2702.0,1597.0,27.18
30,Indonesia,Cassava,1995,116605,2702.0,1597.0,25.46
31,Indonesia,Cassava,1995,116605,2702.0,1597.0,27.15
32,Indonesia,Cassava,1995,116605,2702.0,1597.0,27.08
33,Indonesia,Cassava,1995,116605,2702.0,1597.0,27.28
34,Indonesia,Cassava,1995,116605,2702.0,1597.0,26.74
35,Indonesia,Cassava,1995,116605,2702.0,1597.0,27.32
36,Indonesia,Cassava,1996,120150,2702.0,1597.0,25.41
37,Indonesia,Cassava,1996,120150,2702.0,1597.0,27.07
38,Indonesia,Cassava,1996,120150,2702.0,1597.0,27.0
39,Indonesia,Cassava,1996,120150,2702.0,1597.0,27.2
40,Indonesia,Cassava,1996,120150,2702.0,1597.0,26.83
41,Indonesia,Cassava,1996,120150,2702.0,1597.0,27.53
42,Indonesia,Cassava,1997,121718,2702.0,1597.0,25.52
43,Indonesia,Cassava,1997,121718,2702.0,1597.0,27.37
44,Indonesia,Cassava,1997,121718,2702.0,1597.0,27.26
45,Indonesia,Cassava,1997,121718,2702.0,1597.0,27.62
46,Indonesia,Cassava,1997,121718,2702.0,1597.0,26.83
47,Indonesia,Cassava,1997,121718,2702.0,1597.0,27.46
48,Indonesia,Cassava,1998,121925,2702.0,1597.0,25.81
49,Indonesia,Cassava,1998,121925,2702.0,1597.0,27.58
50,Indonesia,Cassava,1998,121925,2702.0,1597.0,27.72
51,Indonesia,Cassava,1998,121925,2702.0,1597.0,27.77
52,Indonesia,Cassava,1998,121925,2702.0,1597.0,27.28
53,Indonesia,Cassava,1998,121925,2702.0,1597.0,27.9
54,Indonesia,Cassava,1999,121763,2702.0,1597.0,25.26
55,Indonesia,Cassava,1999,121763,2702.0,1597.0,27.01
56,Indonesia,Cassava,1999,121763,2702.0,1597.0,26.82
57,Indonesia,Cassava,1999,121763,2702.0,1597.0,27.17
58,Indonesia,Cassava,1999,121763,2702.0,1597.0,26.62
59,Indonesia,Cassava,1999,121763,2702.0,1597.0,27.32
60,Indonesia,Cassava,2000,125305,2702.0,1597.0,25.46
61,Indonesia,Cassava,2000,125305,2702.0,1597.0,27.2
62,Indonesia,Cassava,2000,125305,2702.0,1597.0,27.1
63,Indonesia,Cassava,2000,125305,2702.0,1597.0,27.23
64,Indonesia,Cassava,2000,125305,2702.0,1597.0,26.77
65,Indonesia,Cassava,2000,125305,2702.0,1597.0,27.44
66,Indonesia,Cassava,2001,129407,2702.0,1597.0,25.43
67,Indonesia,Cassava,2001,129407,2702.0,1597.0,27.13
68,Indonesia,Cassava,2001,129407,2702.0,1597.0,27.26
69,Indonesia,Cassava,2001,129407,2702.0,1597.0,27.32
70,Indonesia,Cassava,2001,129407,2702.0,1597.0,26.81
71,Indonesia,Cassava,2001,129407,2702.0,1597.0,27.52
72,Indonesia,Cassava,2002,132491,2702.0,1597.0,25.64
73,Indonesia,Cassava,2002,132491,2702.0,1597.0,27.4
74,Indonesia,Cassava,2002,132491,2702.0,1597.0,27.5
75,Indonesia,Cassava,2002,132491,2702.0,1597.0,27.49
76,Indonesia,Cassava,2002,132491,2702.0,1597.0,27.01
77,Indonesia,Cassava,2002,132491,2702.0,1597.0,27.71
78,Indonesia,Cassava,2004,154679,2702.0,1597.0,25.67
79,Indonesia,Cassava,2004,154679,2702.0,1597.0,27.42
80,Indonesia,Cassava,2004,154679,2702.0,1597.0,27.32
81,Indonesia,Cassava,2004,154679,2702.0,1597.0,27.57
82,Indonesia,Cassava,2004,154679,2702.0,1597.0,26.97
83,Indonesia,Cassava,2004,154679,2702.0,1597.0,27.69
84,Indonesia,Cassava,2005,159224,2702.0,1597.0,25.59
85,Indonesia,Cassava,2005,159224,2702.0,1597.0,27.22
86,Indonesia,Cassava,2005,159224,2702.0,1597.0,27.48
87,Indonesia,Cassava,2005,159224,2702.0,1597.0,27.44
88,Indonesia,Cassava,2005,159224,2702.0,1597.0,27.11
89,Indonesia,Cassava,2005,159224,2702.0,1597.0,27.77
90,Indonesia,Cassava,2006,162829,2702.0,1597.0,25.66
91,Indonesia,Cassava,2006,162829,2702.0,1597.0,27.39
92,Indonesia,Cassava,2006,162829,2702.0,1597.0,27.21
93,Indonesia,Cassava,2006,162829,2702.0,1597.0,27.55
94,Indonesia,Cassava,2006,162829,2702.0,1597.0,26.98
95,Indonesia,Cassava,2006,162829,2702.0,1597.0,27.55
96,Indonesia,Cassava,2007,166362,2702.0,1597.0,25.5
97,Indonesia,Cassava,2007,166362,2702.0,1597.0,27.21
98,Indonesia,Cassava,2007,166362,2702.0,1597.0,27.14
99,Indonesia,Cassava,2007,166362,2702.0,1597.0,27.29
100,Indonesia,Cassava,2007,166362,2702.0,1597.0,26.88
101,Indonesia,Cassava,2007,166362,2702.0,1597.0,27.49
102,Indonesia,Cassava,2008,180950,2702.0,1597.0,25.32
103,Indonesia,Cassava,2008,180950,2702.0,1597.0,26.97
104,Indonesia,Cassava,2008,180950,2702.0,1597.0,27.03
105,Indonesia,Cassava,2008,180950,2702.0,1597.0,27.18
106,Indonesia,Cassava,2008,180950,2702.0,1597.0,26.65
107,Indonesia,Cassava,2008,180950,2702.0,1597.0,27.34
108,Indonesia,Cassava,2009,187461,2702.0,1597.0,25.54
109,Indonesia,Cassava,2009,187461,2702.0,1597.0,27.31
110,Indonesia,Cassava,2009,187461,2702.0,1597.0,27.3
111,Indonesia,Cassava,2009,187461,2702.0,1597.0,27.63
112,Indonesia,Cassava,2009,187461,2702.0,1597.0,26.98
113,Indonesia,Cassava,2009,187461,2702.0,1597.0,27.69
114,Indonesia,Cassava,2010,202174,2702.0,1597.0,25.57
115,Indonesia,Cassava,2010,202174,2702.0,1597.0,27.25
116,Indonesia,Cassava,2010,202174,2702.0,1597.0,27.69
117,Indonesia,Cassava,2010,202174,2702.0,1597.0,27.46
118,Indonesia,Cassava,2010,202174,2702.0,1597.0,26.94
119,Indonesia,Cassava,2010,202174,2702.0,1597.0,27.55
120,Indonesia,Cassava,2011,202955,2702.0,1597.0,25.38
121,Indonesia,Cassava,2011,202955,2702.0,1597.0,27.24
122,Indonesia,Cassava,2011,202955,2702.0,1597.0,27.19
123,Indonesia,Cassava,2011,202955,2702.0,1597.0,27.39
124,Indonesia,Cassava,2011,202955,2702.0,1597.0,26.63
125,Indonesia,Cassava,2011,202955,2702.0,1597.0,27.19
126,Indonesia,Cassava,2012,214018,2702.0,1597.0,25.59
127,Indonesia,Cassava,2012,214018,2702.0,1597.0,27.36
128,Indonesia,Cassava,2012,214018,2702.0,1597.0,27.37
129,Indonesia,Cassava,2012,214018,2702.0,1597.0,27.49
130,Indonesia,Cassava,2012,214018,2702.0,1597.0,26.87
131,Indonesia,Cassava,2012,214018,2702.0,1597.0,27.48
132,Indonesia,Cassava,2013,224601,2702.0,1597.0,25.48
133,Indonesia,Cassava,2013,224601,2702.0,1597.0,27.37
134,Indonesia,Cassava,2013,224601,2702.0,1597.0,27.88
135,Indonesia,Cassava,2013,224601,2702.0,1597.0,27.34
136,Indonesia,Cassava,2013,224601,2702.0,1597.0,26.72
137,Indonesia,Cassava,2013,224601,2702.0,1597.0,27.3
138,Indonesia,Maize,1990,21323,2702.0,2432.0,25.37
139,Indonesia,Maize,1990,21323,2702.0,2432.0,27.05
140,Indonesia,Maize,1990,21323,2702.0,2432.0,27.11
141,Indonesia,Maize,1990,21323,2702.0,2432.0,27.18
142,Indonesia,Maize,1990,21323,2702.0,2432.0,26.79
143,Indonesia,Maize,1990,21323,2702.0,2432.0,27.47
144,Indonesia,Maize,1991,21505,2702.0,3259.0,25.27
145,Indonesia,Maize,1991,21505,2702.0,3259.0,27.04
146,Indonesia,Maize,1991,21505,2702.0,3259.0,26.92
147,Indonesia,Maize,1991,21505,2702.0,3259.0,27.05
148,Indonesia,Maize,1991,21505,2702.0,3259.0,26.61
149,Indonesia,Maize,1991,21505,2702.0,3259.0,27.21
150,Indonesia,Maize,1992,22030,2702.0,825.0,25.17
151,Indonesia,Maize,1992,22030,2702.0,825.0,26.96
152,Indonesia,Maize,1992,22030,2702.0,825.0,27.01
153,Indonesia,Maize,1992,22030,2702.0,825.0,27.2
154,Indonesia,Maize,1992,22030,2702.0,825.0,26.72
155,Indonesia,Maize,1992,22030,2702.0,825.0,27.4
156,Indonesia,Maize,1993,21975,2702.0,1597.0,25.46
157,Indonesia,Maize,1993,21975,2702.0,1597.0,27.04
158,Indonesia,Maize,1993,21975,2702.0,1597.0,26.9
159,Indonesia,Maize,1993,21975,2702.0,1597.0,27.21
160,Indonesia,Maize,1993,21975,2702.0,1597.0,26.88
161,Indonesia,Maize,1993,21975,2702.0,1597.0,27.51
162,Indonesia,Maize,1994,22091,2702.0,1597.0,25.21
163,Indonesia,Maize,1994,22091,2702.0,1597.0,27.12
164,Indonesia,Maize,1994,22091,2702.0,1597.0,26.97
165,Indonesia,Maize,1994,22091,2702.0,1597.0,27.34
166,Indonesia,Maize,1994,22091,2702.0,1597.0,26.56
167,Indonesia,Maize,1994,22091,2702.0,1597.0,27.18
168,Indonesia,Maize,1995,22580,2702.0,1597.0,25.46
169,Indonesia,Maize,1995,22580,2702.0,1597.0,27.15
170,Indonesia,Maize,1995,22580,2702.0,1597.0,27.08
171,Indonesia,Maize,1995,22580,2702.0,1597.0,27.28
172,Indonesia,Maize,1995,22580,2702.0,1597.0,26.74
173,Indonesia,Maize,1995,22580,2702.0,1597.0,27.32
174,Indonesia,Maize,1996,24862,2702.0,1597.0,25.41
175,Indonesia,Maize,1996,24862,2702.0,1597.0,27.07
176,Indonesia,Maize,1996,24862,2702.0,1597.0,27.0
177,Indonesia,Maize,1996,24862,2702.0,1597.0,27.2
178,Indonesia,Maize,1996,24862,2702.0,1597.0,26.83
179,Indonesia,Maize,1996,24862,2702.0,1597.0,27.53
180,Indonesia,Maize,1997,26141,2702.0,1597.0,25.52
181,Indonesia,Maize,1997,26141,2702.0,1597.0,27.37
182,Indonesia,Maize,1997,26141,2702.0,1597.0,27.26
183,Indonesia,Maize,1997,26141,2702.0,1597.0,27.62
184,Indonesia,Maize,1997,26141,2702.0,1597.0,26.83
185,Indonesia,Maize,1997,26141,2702.0,1597.0,27.46
186,Indonesia,Maize,1998,26526,2702.0,1597.0,25.81
187,Indonesia,Maize,1998,26526,2702.0,1597.0,27.58
188,Indonesia,Maize,1998,26526,2702.0,1597.0,27.72
189,Indonesia,Maize,1998,26526,2702.0,1597.0,27.77
190,Indonesia,Maize,1998,26526,2702.0,1597.0,27.28
191,Indonesia,Maize,1998,26526,2702.0,1597.0,27.9
192,Indonesia,Maize,1999,26629,2702.0,1597.0,25.26
193,Indonesia,Maize,1999,26629,2702.0,1597.0,27.01
194,Indonesia,Maize,1999,26629,2702.0,1597.0,26.82
195,Indonesia,Maize,1999,26629,2702.0,1597.0,27.17
196,Indonesia,Maize,1999,26629,2702.0,1597.0,26.62
197,Indonesia,Maize,1999,26629,2702.0,1597.0,27.32
198,Indonesia,Maize,2000,27649,2702.0,1597.0,25.46
199,Indonesia,Maize,2000,27649,2702.0,1597.0,27.2
200,Indonesia,Maize,2000,27649,2702.0,1597.0,27.1
201,Indonesia,Maize,2000,27649,2702.0,1597.0,27.23
202,Indonesia,Maize,2000,27649,2702.0,1597.0,26.77
203,Indonesia,Maize,2000,27649,2702.0,1597.0,27.44
204,Indonesia,Maize,2001,28446,2702.0,1597.0,25.43
205,Indonesia,Maize,2001,28446,2702.0,1597.0,27.13
206,Indonesia,Maize,2001,28446,2702.0,1597.0,27.26
207,Indonesia,Maize,2001,28446,2702.0,1597.0,27.32
208,Indonesia,Maize,2001,28446,2702.0,1597.0,26.81
209,Indonesia,Maize,2001,28446,2702.0,1597.0,27.52
210,Indonesia,Maize,2002,30655,2702.0,1597.0,25.64
211,Indonesia,Maize,2002,30655,2702.0,1597.0,27.4
212,Indonesia,Maize,2002,30655,2702.0,1597.0,27.5
213,Indonesia,Maize,2002,30655,2702.0,1597.0,27.49
214,Indonesia,Maize,2002,30655,2702.0,1597.0,27.01
215,Indonesia,Maize,2002,30655,2702.0,1597.0,27.71
216,Indonesia,Maize,2004,33439,2702.0,1597.0,25.67
217,Indonesia,Maize,2004,33439,2702.0,1597.0,27.42
218,Indonesia,Maize,2004,33439,2702.0,1597.0,27.32
219,Indonesia,Maize,2004,33439,2702.0,1597.0,27.57
220,Indonesia,Maize,2004,33439,2702.0,1597.0,26.97
221,Indonesia,Maize,2004,33439,2702.0,1597.0,27.69
222,Indonesia,Maize,2005,34539,2702.0,1597.0,25.59
223,Indonesia,Maize,2005,34539,2702.0,1597.0,27.22
224,Indonesia,Maize,2005,34539,2702.0,1597.0,27.48
225,Indonesia,Maize,2005,34539,2702.0,1597.0,27.44
226,Indonesia,Maize,2005,34539,2702.0,1597.0,27.11
227,Indonesia,Maize,2005,34539,2702.0,1597.0,27.77
228,Indonesia,Maize,2006,34699,2702.0,1597.0,25.66
229,Indonesia,Maize,2006,34699,2702.0,1597.0,27.39
230,Indonesia,Maize,2006,34699,2702.0,1597.0,27.21
231,Indonesia,Maize,2006,34699,2702.0,1597.0,27.55
232,Indonesia,Maize,2006,34699,2702.0,1597.0,26.98
233,Indonesia,Maize,2006,34699,2702.0,1597.0,27.55
234,Indonesia,Maize,2007,36601,2702.0,1597.0,25.5
235,Indonesia,Maize,2007,36601,2702.0,1597.0,27.21
236,Indonesia,Maize,2007,36601,2702.0,1597.0,27.14
237,Indonesia,Maize,2007,36601,2702.0,1597.0,27.29
238,Indonesia,Maize,2007,36601,2702.0,1597.0,26.88
239,Indonesia,Maize,2007,36601,2702.0,1597.0,27.49
240,Indonesia,Maize,2008,40776,2702.0,1597.0,25.32
241,Indonesia,Maize,2008,40776,2702.0,1597.0,26.97
242,Indonesia,Maize,2008,40776,2702.0,1597.0,27.03
243,Indonesia,Maize,2008,40776,2702.0,1597.0,27.18
244,Indonesia,Maize,2008,40776,2702.0,1597.0,26.65
245,Indonesia,Maize,2008,40776,2702.0,1597.0,27.34
246,Indonesia,Maize,2009,42372,2702.0,1597.0,25.54
247,Indonesia,Maize,2009,42372,2702.0,1597.0,27.31
248,Indonesia,Maize,2009,42372,2702.0,1597.0,27.3
249,Indonesia,Maize,2009,42372,2702.0,1597.0,27.63
250,Indonesia,Maize,2009,42372,2702.0,1597.0,26.98
251,Indonesia,Maize,2009,42372,2702.0,1597.0,27.69
252,Indonesia,Maize,2010,44359,2702.0,1597.0,25.57
253,Indonesia,Maize,2010,44359,2702.0,1597.0,27.25
254,Indonesia,Maize,2010,44359,2702.0,1597.0,27.69
255,Indonesia,Maize,2010,44359,2702.0,1597.0,27.46
256,Indonesia,Maize,2010,44359,2702.0,1597.0,26.94
257,Indonesia,Maize,2010,44359,2702.0,1597.0,27.55
258,Indonesia,Maize,2011,45652,2702.0,1597.0,25.38
259,Indonesia,Maize,2011,45652,2702.0,1597.0,27.24
260,Indonesia,Maize,2011,45652,2702.0,1597.0,27.19
261,Indonesia,Maize,2011,45652,2702.0,1597.0,27.39
262,Indonesia,Maize,2011,45652,2702.0,1597.0,26.63
263,Indonesia,Maize,2011,45652,2702.0,1597.0,27.19
264,Indonesia,Maize,2012,48987,2702.0,1597.0,25.59
265,Indonesia,Maize,2012,48987,2702.0,1597.0,27.36
266,Indonesia,Maize,2012,48987,2702.0,1597.0,27.37
267,Indonesia,Maize,2012,48987,2702.0,1597.0,27.49
268,Indonesia,Maize,2012,48987,2702.0,1597.0,26.87
269,Indonesia,Maize,2012,48987,2702.0,1597.0,27.48
270,Indonesia,Maize,2013,48441,2702.0,1597.0,25.48
271,Indonesia,Maize,2013,48441,2702.0,1597.0,27.37
272,Indonesia,Maize,2013,48441,2702.0,1597.0,27.88
273,Indonesia,Maize,2013,48441,2702.0,1597.0,27.34
274,Indonesia,Maize,2013,48441,2702.0,1597.0,26.72
275,Indonesia,Maize,2013,48441,2702.0,1597.0,27.3
276,Indonesia,Potatoes,1990,141637,2702.0,2432.0,25.37
277,Indonesia,Potatoes,1990,141637,2702.0,2432.0,27.05
278,Indonesia,Potatoes,1990,141637,2702.0,2432.0,27.11
279,Indonesia,Potatoes,1990,141637,2702.0,2432.0,27.18
280,Indonesia,Potatoes,1990,141637,2702.0,2432.0,26.79
281,Indonesia,Potatoes,1990,141637,2702.0,2432.0,27.47
282,Indonesia,Potatoes,1991,132721,2702.0,3259.0,25.27
283,Indonesia,Potatoes,1991,132721,2702.0,3259.0,27.04
284,Indonesia,Potatoes,1991,132721,2702.0,3259.0,26.92
285,Indonesia,Potatoes,1991,132721,2702.0,3259.0,27.05
286,Indonesia,Potatoes,1991,132721,2702.0,3259.0,26.61
287,Indonesia,Potatoes,1991,132721,2702.0,3259.0,27.21
288,Indonesia,Potatoes,1992,143819,2702.0,825.0,25.17
289,Indonesia,Potatoes,1992,143819,2702.0,825.0,26.96
290,Indonesia,Potatoes,1992,143819,2702.0,825.0,27.01
291,Indonesia,Potatoes,1992,143819,2702.0,825.0,27.2
292,Indonesia,Potatoes,1992,143819,2702.0,825.0,26.72
293,Indonesia,Potatoes,1992,143819,2702.0,825.0,27.4
294,Indonesia,Potatoes,1993,158338,2702.0,1597.0,25.46
295,Indonesia,Potatoes,1993,158338,2702.0,1597.0,27.04
296,Indonesia,Potatoes,1993,158338,2702.0,1597.0,26.9
297,Indonesia,Potatoes,1993,158338,2702.0,1597.0,27.21
298,Indonesia,Potatoes,1993,158338,2702.0,1597.0,26.88
299,Indonesia,Potatoes,1993,158338,2702.0,1597.0,27.51
300,Indonesia,Potatoes,1994,156474,2702.0,1597.0,25.21
301,Indonesia,Potatoes,1994,156474,2702.0,1597.0,27.12
302,Indonesia,Potatoes,1994,156474,2702.0,1597.0,26.97
303,Indonesia,Potatoes,1994,156474,2702.0,1597.0,27.34
304,Indonesia,Potatoes,1994,156474,2702.0,1597.0,26.56
305,Indonesia,Potatoes,1994,156474,2702.0,1597.0,27.18
306,Indonesia,Potatoes,1995,165939,2702.0,1597.0,25.46
307,Indonesia,Potatoes,1995,165939,2702.0,1597.0,27.15
308,Indonesia,Potatoes,1995,165939,2702.0,1597.0,27.08
309,Indonesia,Potatoes,1995,165939,2702.0,1597.0,27.28
310,Indonesia,Potatoes,1995,165939,2702.0,1597.0,26.74
311,Indonesia,Potatoes,1995,165939,2702.0,1597.0,27.32
312,Indonesia,Potatoes,1996,158631,2702.0,1597.0,25.41
313,Indonesia,Potatoes,1996,158631,2702.0,1597.0,27.07
314,Indonesia,Potatoes,1996,158631,2702.0,1597.0,27.0
315,Indonesia,Potatoes,1996,158631,2702.0,1597.0,27.2
316,Indonesia,Potatoes,1996,158631,2702.0,1597.0,26.83
317,Indonesia,Potatoes,1996,158631,2702.0,1597.0,27.53
318,Indonesia,Potatoes,1997,162061,2702.0,1597.0,25.52
319,Indonesia,Potatoes,1997,162061,2702.0,1597.0,27.37
320,Indonesia,Potatoes,1997,162061,2702.0,1597.0,27.26
321,Indonesia,Potatoes,1997,162061,2702.0,1597.0,27.62
322,Indonesia,Potatoes,1997,162061,2702.0,1597.0,26.83
323,Indonesia,Potatoes,1997,162061,2702.0,1597.0,27.46
324,Indonesia,Potatoes,1998,153432,2702.0,1597.0,25.81
325,Indonesia,Potatoes,1998,153432,2702.0,1597.0,27.58
326,Indonesia,Potatoes,1998,153432,2702.0,1597.0,27.72
327,Indonesia,Potatoes,1998,153432,2702.0,1597.0,27.77
328,Indonesia,Potatoes,1998,153432,2702.0,1597.0,27.28
329,Indonesia,Potatoes,1998,153432,2702.0,1597.0,27.9
330,Indonesia,Potatoes,1999,147199,2702.0,1597.0,25.26
331,Indonesia,Potatoes,1999,147199,2702.0,1597.0,27.01
332,Indonesia,Potatoes,1999,147199,2702.0,1597.0,26.82
333,Indonesia,Potatoes,1999,147199,2702.0,1597.0,27.17
334,Indonesia,Potatoes,1999,147199,2702.0,1597.0,26.62
335,Indonesia,Potatoes,1999,147199,2702.0,1597.0,27.32
336,Indonesia,Potatoes,2000,133759,2702.0,1597.0,25.46
337,Indonesia,Potatoes,2000,133759,2702.0,1597.0,27.2
338,Indonesia,Potatoes,2000,133759,2702.0,1597.0,27.1
339,Indonesia,Potatoes,2000,133759,2702.0,1597.0,27.23
340,Indonesia,Potatoes,2000,133759,2702.0,1597.0,26.77
341,Indonesia,Potatoes,2000,133759,2702.0,1597.0,27.44
342,Indonesia,Potatoes,2001,148495,2702.0,1597.0,25.43
343,Indonesia,Potatoes,2001,148495,2702.0,1597.0,27.13
344,Indonesia,Potatoes,2001,148495,2702.0,1597.0,27.26
345,Indonesia,Potatoes,2001,148495,2702.0,1597.0,27.32
346,Indonesia,Potatoes,2001,148495,2702.0,1597.0,26.81
347,Indonesia,Potatoes,2001,148495,2702.0,1597.0,27.52
348,Indonesia,Potatoes,2002,155903,2702.0,1597.0,25.64
349,Indonesia,Potatoes,2002,155903,2702.0,1597.0,27.4
350,Indonesia,Potatoes,2002,155903,2702.0,1597.0,27.5
351,Indonesia,Potatoes,2002,155903,2702.0,1597.0,27.49
352,Indonesia,Potatoes,2002,155903,2702.0,1597.0,27.01
353,Indonesia,Potatoes,2002,155903,2702.0,1597.0,27.71
354,Indonesia,Potatoes,2004,163870,2702.0,1597.0,25.67
355,Indonesia,Potatoes,2004,163870,2702.0,1597.0,27.42
356,Indonesia,Potatoes,2004,163870,2702.0,1597.0,27.32
357,Indonesia,Potatoes,2004,163870,2702.0,1597.0,27.57
358,Indonesia,Potatoes,2004,163870,2702.0,1597.0,26.97
359,Indonesia,Potatoes,2004,163870,2702.0,1597.0,27.69
360,Indonesia,Potatoes,2005,164014,2702.0,1597.0,25.59
361,Indonesia,Potatoes,2005,164014,2702.0,1597.0,27.22
362,Indonesia,Potatoes,2005,164014,2702.0,1597.0,27.48
363,Indonesia,Potatoes,2005,164014,2702.0,1597.0,27.44
364,Indonesia,Potatoes,2005,164014,2702.0,1597.0,27.11
365,Indonesia,Potatoes,2005,164014,2702.0,1597.0,27.77
366,Indonesia,Potatoes,2006,169363,2702.0,1597.0,25.66
367,Indonesia,Potatoes,2006,169363,2702.0,1597.0,27.39
368,Indonesia,Potatoes,2006,169363,2702.0,1597.0,27.21
369,Indonesia,Potatoes,2006,169363,2702.0,1597.0,27.55
370,Indonesia,Potatoes,2006,169363,2702.0,1597.0,26.98
371,Indonesia,Potatoes,2006,169363,2702.0,1597.0,27.55
372,Indonesia,Potatoes,2007,160919,2702.0,1597.0,25.5
373,Indonesia,Potatoes,2007,160919,2702.0,1597.0,27.21
374,Indonesia,Potatoes,2007,160919,2702.0,1597.0,27.14
375,Indonesia,Potatoes,2007,160919,2702.0,1597.0,27.29
376,Indonesia,Potatoes,2007,160919,2702.0,1597.0,26.88
377,Indonesia,Potatoes,2007,160919,2702.0,1597.0,27.49
378,Indonesia,Potatoes,2008,166719,2702.0,1597.0,25.32
379,Indonesia,Potatoes,2008,166719,2702.0,1597.0,26.97
380,Indonesia,Potatoes,2008,166719,2702.0,1597.0,27.03
381,Indonesia,Potatoes,2008,166719,2702.0,1597.0,27.18
382,Indonesia,Potatoes,2008,166719,2702.0,1597.0,26.65
383,Indonesia,Potatoes,2008,166719,2702.0,1597.0,27.34
384,Indonesia,Potatoes,2009,165123,2702.0,1597.0,25.54
385,Indonesia,Potatoes,2009,165123,2702.0,1597.0,27.31
386,Indonesia,Potatoes,2009,165123,2702.0,1597.0,27.3
387,Indonesia,Potatoes,2009,165123,2702.0,1597.0,27.63
388,Indonesia,Potatoes,2009,165123,2702.0,1597.0,26.98
389,Indonesia,Potatoes,2009,165123,2702.0,1597.0,27.69
390,Indonesia,Potatoes,2010,159445,2702.0,1597.0,25.57
391,Indonesia,Potatoes,2010,159445,2702.0,1597.0,27.25
392,Indonesia,Potatoes,2010,159445,2702.0,1597.0,27.69
393,Indonesia,Potatoes,2010,159445,2702.0,1597.0,27.46
394,Indonesia,Potatoes,2010,159445,2702.0,1597.0,26.94
395,Indonesia,Potatoes,2010,159445,2702.0,1597.0,27.55
396,Indonesia,Potatoes,2011,159562,2702.0,1597.0,25.38
397,Indonesia,Potatoes,2011,159562,2702.0,1597.0,27.24
398,Indonesia,Potatoes,2011,159562,2702.0,1597.0,27.19
399,Indonesia,Potatoes,2011,159562,2702.0,1597.0,27.39
400,Indonesia,Potatoes,2011,159562,2702.0,1597.0,26.63
401,Indonesia,Potatoes,2011,159562,2702.0,1597.0,27.19
402,Indonesia,Potatoes,2012,165820,2702.0,1597.0,25.59
403,Indonesia,Potatoes,2012,165820,2702.0,1597.0,27.36
404,Indonesia,Potatoes,2012,165820,2702.0,1597.0,27.37
405,Indonesia,Potatoes,2012,165820,2702.0,1597.0,27.49
406,Indonesia,Potatoes,2012,165820,2702.0,1597.0,26.87
407,Indonesia,Potatoes,2012,165820,2702.0,1597.0,27.48
408,Indonesia,Potatoes,2013,160184,2702.0,1597.0,25.48
409,Indonesia,Potatoes,2013,160184,2702.0,1597.0,27.37
410,Indonesia,Potatoes,2013,160184,2702.0,1597.0,27.88
411,Indonesia,Potatoes,2013,160184,2702.0,1597.0,27.34
412,Indonesia,Potatoes,2013,160184,2702.0,1597.0,26.72
413,Indonesia,Potatoes,2013,160184,2702.0,1597.0,27.3
414,Indonesia,"Rice, paddy",1990,43018,2702.0,2432.0,25.37
415,Indonesia,"Rice, paddy",1990,43018,2702.0,2432.0,27.05
416,Indonesia,"Rice, paddy",1990,43018,2702.0,2432.0,27.11
417,Indonesia,"Rice, paddy",1990,43018,2702.0,2432.0,27.18
418,Indonesia,"Rice, paddy",1990,43018,2702.0,2432.0,26.79
419,Indonesia,"Rice, paddy",1990,43018,2702.0,2432.0,27.47
420,Indonesia,"Rice, paddy",1991,43465,2702.0,3259.0,25.27
421,Indonesia,"Rice, paddy",1991,43465,2702.0,3259.0,27.04
422,Indonesia,"Rice, paddy",1991,43465,2702.0,3259.0,26.92
423,Indonesia,"Rice, paddy",1991,43465,2702.0,3259.0,27.05
424,Indonesia,"Rice, paddy",1991,43465,2702.0,3259.0,26.61
425,Indonesia,"Rice, paddy",1991,43465,2702.0,3259.0,27.21
426,Indonesia,"Rice, paddy",1992,43446,2702.0,825.0,25.17
427,Indonesia,"Rice, paddy",1992,43446,2702.0,825.0,26.96
428,Indonesia,"Rice, paddy",1992,43446,2702.0,825.0,27.01
429,Indonesia,"Rice, paddy",1992,43446,2702.0,825.0,27.2
430,Indonesia,"Rice, paddy",1992,43446,2702.0,825.0,26.72
431,Indonesia,"Rice, paddy",1992,43446,2702.0,825.0,27.4
432,Indonesia,"Rice, paddy",1993,43750,2702.0,1597.0,25.46
433,Indonesia,"Rice, paddy",1993,43750,2702.0,1597.0,27.04
434,Indonesia,"Rice, paddy",1993,43750,2702.0,1597.0,26.9
435,Indonesia,"Rice, paddy",1993,43750,2702.0,1597.0,27.21
436,Indonesia,"Rice, paddy",1993,43750,2702.0,1597.0,26.88
437,Indonesia,"Rice, paddy",1993,43750,2702.0,1597.0,27.51
438,Indonesia,"Rice, paddy",1994,43453,2702.0,1597.0,25.21
439,Indonesia,"Rice, paddy",1994,43453,2702.0,1597.0,27.12
440,Indonesia,"Rice, paddy",1994,43453,2702.0,1597.0,26.97
441,Indonesia,"Rice, paddy",1994,43453,2702.0,1597.0,27.34
442,Indonesia,"Rice, paddy",1994,43453,2702.0,1597.0,26.56
443,Indonesia,"Rice, paddy",1994,43453,2702.0,1597.0,27.18
444,Indonesia,"Rice, paddy",1995,43487,2702.0,1597.0,25.46
445,Indonesia,"Rice, paddy",1995,43487,2702.0,1597.0,27.15
446,Indonesia,"Rice, paddy",1995,43487,2702.0,1597.0,27.08
447,Indonesia,"Rice, paddy",1995,43487,2702.0,1597.0,27.28
448,Indonesia,"Rice, paddy",1995,43487,2702.0,1597.0,26.74
449,Indonesia,"Rice, paddy",1995,43487,2702.0,1597.0,27.32
450,Indonesia,"Rice, paddy",1996,44168,2702.0,1597.0,25.41
451,Indonesia,"Rice, paddy",1996,44168,2702.0,1597.0,27.07
452,Indonesia,"Rice, paddy",1996,44168,2702.0,1597.0,27.0
453,Indonesia,"Rice, paddy",1996,44168,2702.0,1597.0,27.2
454,Indonesia,"Rice, paddy",1996,44168,2702.0,1597.0,26.83
455,Indonesia,"Rice, paddy",1996,44168,2702.0,1597.0,27.53
456,Indonesia,"Rice, paddy",1997,44322,2702.0,1597.0,25.52
457,Indonesia,"Rice, paddy",1997,44322,2702.0,1597.0,27.37
458,Indonesia,"Rice, paddy",1997,44322,2702.0,1597.0,27.26
459,Indonesia,"Rice, paddy",1997,44322,2702.0,1597.0,27.62
460,Indonesia,"Rice, paddy",1997,44322,2702.0,1597.0,26.83
461,Indonesia,"Rice, paddy",1997,44322,2702.0,1597.0,27.46
462,Indonesia,"Rice, paddy",1998,41974,2702.0,1597.0,25.81
463,Indonesia,"Rice, paddy",1998,41974,2702.0,1597.0,27.58
464,Indonesia,"Rice, paddy",1998,41974,2702.0,1597.0,27.72
465,Indonesia,"Rice, paddy",1998,41974,2702.0,1597.0,27.77
466,Indonesia,"Rice, paddy",1998,41974,2702.0,1597.0,27.28
467,Indonesia,"Rice, paddy",1998,41974,2702.0,1597.0,27.9
468,Indonesia,"Rice, paddy",1999,42519,2702.0,1597.0,25.26
469,Indonesia,"Rice, paddy",1999,42519,2702.0,1597.0,27.01
470,Indonesia,"Rice, paddy",1999,42519,2702.0,1597.0,26.82
471,Indonesia,"Rice, paddy",1999,42519,2702.0,1597.0,27.17
472,Indonesia,"Rice, paddy",1999,42519,2702.0,1597.0,26.62
473,Indonesia,"Rice, paddy",1999,42519,2702.0,1597.0,27.32
474,Indonesia,"Rice, paddy",2000,44007,2702.0,1597.0,25.46
475,Indonesia,"Rice, paddy",2000,44007,2702.0,1597.0,27.2
476,Indonesia,"Rice, paddy",2000,44007,2702.0,1597.0,27.1
477,Indonesia,"Rice, paddy",2000,44007,2702.0,1597.0,27.23
478,Indonesia,"Rice, paddy",2000,44007,2702.0,1597.0,26.77
479,Indonesia,"Rice, paddy",2000,44007,2702.0,1597.0,27.44
480,Indonesia,"Rice, paddy",2001,43879,2702.0,1597.0,25.43
481,Indonesia,"Rice, paddy",2001,43879,2702.0,1597.0,27.13
482,Indonesia,"Rice, paddy",2001,43879,2702.0,1597.0,27.26
483,Indonesia,"Rice, paddy",2001,43879,2702.0,1597.0,27.32
484,Indonesia,"Rice, paddy",2001,43879,2702.0,1597.0,26.81
485,Indonesia,"Rice, paddy",2001,43879,2702.0,1597.0,27.52
486,Indonesia,"Rice, paddy",2002,44691,2702.0,1597.0,25.64
487,Indonesia,"Rice, paddy",2002,44691,2702.0,1597.0,27.4
488,Indonesia,"Rice, paddy",2002,44691,2702.0,1597.0,27.5
489,Indonesia,"Rice, paddy",2002,44691,2702.0,1597.0,27.49
490,Indonesia,"Rice, paddy",2002,44691,2702.0,1597.0,27.01
491,Indonesia,"Rice, paddy",2002,44691,2702.0,1597.0,27.71
492,Indonesia,"Rice, paddy",2004,45365,2702.0,1597.0,25.67
493,Indonesia,"Rice, paddy",2004,45365,2702.0,1597.0,27.42
494,Indonesia,"Rice, paddy",2004,45365,2702.0,1597.0,27.32
495,Indonesia,"Rice, paddy",2004,45365,2702.0,1597.0,27.57
496,Indonesia,"Rice, paddy",2004,45365,2702.0,1597.0,26.97
497,Indonesia,"Rice, paddy",2004,45365,2702.0,1597.0,27.69
498,Indonesia,"Rice, paddy",2005,45739,2702.0,1597.0,25.59
499,Indonesia,"Rice, paddy",2005,45739,2702.0,1597.0,27.22
500,Indonesia,"Rice, paddy",2005,45739,2702.0,1597.0,27.48
501,Indonesia,"Rice, paddy",2005,45739,2702.0,1597.0,27.44
502,Indonesia,"Rice, paddy",2005,45739,2702.0,1597.0,27.11
503,Indonesia,"Rice, paddy",2005,45739,2702.0,1597.0,27.77
504,Indonesia,"Rice, paddy",2006,46201,2702.0,1597.0,25.66
505,Indonesia,"Rice, paddy",2006,46201,2702.0,1597.0,27.39
506,Indonesia,"Rice, paddy",2006,46201,2702.0,1597.0,27.21
507,Indonesia,"Rice, paddy",2006,46201,2702.0,1597.0,27.55
508,Indonesia,"Rice, paddy",2006,46201,2702.0,1597.0,26.98
509,Indonesia,"Rice, paddy",2006,46201,2702.0,1597.0,27.55
510,Indonesia,"Rice, paddy",2007,47052,2702.0,1597.0,25.5
511,Indonesia,"Rice, paddy",2007,47052,2702.0,1597.0,27.21
512,Indonesia,"Rice, paddy",2007,47052,2702.0,1597.0,27.14
513,Indonesia,"Rice, paddy",2007,47052,2702.0,1597.0,27.29
514,Indonesia,"Rice, paddy",2007,47052,2702.0,1597.0,26.88
515,Indonesia,"Rice, paddy",2007,47052,2702.0,1597.0,27.49
516,Indonesia,"Rice, paddy",2008,48948,2702.0,1597.0,25.32
517,Indonesia,"Rice, paddy",2008,48948,2702.0,1597.0,26.97
518,Indonesia,"Rice, paddy",2008,48948,2702.0,1597.0,27.03
519,Indonesia,"Rice, paddy",2008,48948,2702.0,1597.0,27.18
520,Indonesia,"Rice, paddy",2008,48948,2702.0,1597.0,26.65
521,Indonesia,"Rice, paddy",2008,48948,2702.0,1597.0,27.34
522,Indonesia,"Rice, paddy",2009,49985,2702.0,1597.0,25.54
523,Indonesia,"Rice, paddy",2009,49985,2702.0,1597.0,27.31
524,Indonesia,"Rice, paddy",2009,49985,2702.0,1597.0,27.3
525,Indonesia,"Rice, paddy",2009,49985,2702.0,1597.0,27.63
526,Indonesia,"Rice, paddy",2009,49985,2702.0,1597.0,26.98
527,Indonesia,"Rice, paddy",2009,49985,2702.0,1597.0,27.69
528,Indonesia,"Rice, paddy",2010,50153,2702.0,1597.0,25.57
529,Indonesia,"Rice, paddy",2010,50153,2702.0,1597.0,27.25
530,Indonesia,"Rice, paddy",2010,50153,2702.0,1597.0,27.69
531,Indonesia,"Rice, paddy",2010,50153,2702.0,1597.0,27.46
532,Indonesia,"Rice, paddy",2010,50153,2702.0,1597.0,26.94
533,Indonesia,"Rice, paddy",2010,50153,2702.0,1597.0,27.55
534,Indonesia,"Rice, paddy",2011,49802,2702.0,1597.0,25.38
535,Indonesia,"Rice, paddy",2011,49802,2702.0,1597.0,27.24
536,Indonesia,"Rice, paddy",2011,49802,2702.0,1597.0,27.19
537,Indonesia,"Rice, paddy",2011,49802,2702.0,1597.0,27.39
538,Indonesia,"Rice, paddy",2011,49802,2702.0,1597.0,26.63
539,Indonesia,"Rice, paddy",2011,49802,2702.0,1597.0,27.19
540,Indonesia,"Rice, paddy",2012,51360,2702.0,1597.0,25.59
541,Indonesia,"Rice, paddy",2012,51360,2702.0,1597.0,27.36
542,Indonesia,"Rice, paddy",2012,51360,2702.0,1597.0,27.37
543,Indonesia,"Rice, paddy",2012,51360,2702.0,1597.0,27.49
544,Indonesia,"Rice, paddy",2012,51360,2702.0,1597.0,26.87
545,Indonesia,"Rice, paddy",2012,51360,2702.0,1597.0,27.48
546,Indonesia,"Rice, paddy",2013,51520,2702.0,1597.0,25.48
547,Indonesia,"Rice, paddy",2013,51520,2702.0,1597.0,27.37
548,Indonesia,"Rice, paddy",2013,51520,2702.0,1597.0,27.88
549,Indonesia,"Rice, paddy",2013,51520,2702.0,1597.0,27.34
550,Indonesia,"Rice, paddy",2013,51520,2702.0,1597.0,26.72
551,Indonesia,"Rice, paddy",2013,51520,2702.0,1597.0,27.3
552,Indonesia,Soybeans,1990,11149,2702.0,2432.0,25.37
553,Indonesia,Soybeans,1990,11149,2702.0,2432.0,27.05
554,Indonesia,Soybeans,1990,11149,2702.0,2432.0,27.11
555,Indonesia,Soybeans,1990,11149,2702.0,2432.0,27.18
556,Indonesia,Soybeans,1990,11149,2702.0,2432.0,26.79
557,Indonesia,Soybeans,1990,11149,2702.0,2432.0,27.47
558,Indonesia,Soybeans,1991,11369,2702.0,3259.0,25.27
559,Indonesia,Soybeans,1991,11369,2702.0,3259.0,27.04
560,Indonesia,Soybeans,1991,11369,2702.0,3259.0,26.92
561,Indonesia,Soybeans,1991,11369,2702.0,3259.0,27.05
562,Indonesia,Soybeans,1991,11369,2702.0,3259.0,26.61
563,Indonesia,Soybeans,1991,11369,2702.0,3259.0,27.21
564,Indonesia,Soybeans,1992,11230,2702.0,825.0,25.17
565,Indonesia,Soybeans,1992,11230,2702.0,825.0,26.96
566,Indonesia,Soybeans,1992,11230,2702.0,825.0,27.01
567,Indonesia,Soybeans,1992,11230,2702.0,825.0,27.2
568,Indonesia,Soybeans,1992,11230,2702.0,825.0,26.72
569,Indonesia,Soybeans,1992,11230,2702.0,825.0,27.4
570,Indonesia,Soybeans,1993,11621,2702.0,1597.0,25.46
571,Indonesia,Soybeans,1993,11621,2702.0,1597.0,27.04
572,Indonesia,Soybeans,1993,11621,2702.0,1597.0,26.9
573,Indonesia,Soybeans,1993,11621,2702.0,1597.0,27.21
574,Indonesia,Soybeans,1993,11621,2702.0,1597.0,26.88
575,Indonesia,Soybeans,1993,11621,2702.0,1597.0,27.51
576,Indonesia,Soybeans,1994,11123,2702.0,1597.0,25.21
577,Indonesia,Soybeans,1994,11123,2702.0,1597.0,27.12
578,Indonesia,Soybeans,1994,11123,2702.0,1597.0,26.97
579,Indonesia,Soybeans,1994,11123,2702.0,1597.0,27.34
580,Indonesia,Soybeans,1994,11123,2702.0,1597.0,26.56
581,Indonesia,Soybeans,1994,11123,2702.0,1597.0,27.18
582,Indonesia,Soybeans,1995,11371,2702.0,1597.0,25.46
583,Indonesia,Soybeans,1995,11371,2702.0,1597.0,27.15
584,Indonesia,Soybeans,1995,11371,2702.0,1597.0,27.08
585,Indonesia,Soybeans,1995,11371,2702.0,1597.0,27.28
586,Indonesia,Soybeans,1995,11371,2702.0,1597.0,26.74
587,Indonesia,Soybeans,1995,11371,2702.0,1597.0,27.32
588,Indonesia,Soybeans,1996,11915,2702.0,1597.0,25.41
589,Indonesia,Soybeans,1996,11915,2702.0,1597.0,27.07
590,Indonesia,Soybeans,1996,11915,2702.0,1597.0,27.0
591,Indonesia,Soybeans,1996,11915,2702.0,1597.0,27.2
592,Indonesia,Soybeans,1996,11915,2702.0,1597.0,26.83
593,Indonesia,Soybeans,1996,11915,2702.0,1597.0,27.53
594,Indonesia,Soybeans,1997,12125,2702.0,1597.0,25.52
595,Indonesia,Soybeans,1997,12125,2702.0,1597.0,27.37
596,Indonesia,Soybeans,1997,12125,2702.0,1597.0,27.26
597,Indonesia,Soybeans,1997,12125,2702.0,1597.0,27.62
598,Indonesia,Soybeans,1997,12125,2702.0,1597.0,26.83
599,Indonesia,Soybeans,1997,12125,2702.0,1597.0,27.46
600,Indonesia,Soybeans,1998,11923,2702.0,1597.0,25.81
601,Indonesia,Soybeans,1998,11923,2702.0,1597.0,27.58
602,Indonesia,Soybeans,1998,11923,2702.0,1597.0,27.72
603,Indonesia,Soybeans,1998,11923,2702.0,1597.0,27.77
604,Indonesia,Soybeans,1998,11923,2702.0,1597.0,27.28
605,Indonesia,Soybeans,1998,11923,2702.0,1597.0,27.9
606,Indonesia,Soybeans,1999,12013,2702.0,1597.0,25.26
607,Indonesia,Soybeans,1999,12013,2702.0,1597.0,27.01
608,Indonesia,Soybeans,1999,12013,2702.0,1597.0,26.82
609,Indonesia,Soybeans,1999,12013,2702.0,1597.0,27.17
610,Indonesia,Soybeans,1999,12013,2702.0,1597.0,26.62
611,Indonesia,Soybeans,1999,12013,2702.0,1597.0,27.32
612,Indonesia,Soybeans,2000,12335,2702.0,1597.0,25.46
613,Indonesia,Soybeans,2000,12335,2702.0,1597.0,27.2
614,Indonesia,Soybeans,2000,12335,2702.0,1597.0,27.1
615,Indonesia,Soybeans,2000,12335,2702.0,1597.0,27.23
616,Indonesia,Soybeans,2000,12335,2702.0,1597.0,26.77
617,Indonesia,Soybeans,2000,12335,2702.0,1597.0,27.44
618,Indonesia,Soybeans,2001,12181,2702.0,1597.0,25.43
619,Indonesia,Soybeans,2001,12181,2702.0,1597.0,27.13
620,Indonesia,Soybeans,2001,12181,2702.0,1597.0,27.26
621,Indonesia,Soybeans,2001,12181,2702.0,1597.0,27.32
622,Indonesia,Soybeans,2001,12181,2702.0,1597.0,26.81
623,Indonesia,Soybeans,2001,12181,2702.0,1597.0,27.52
624,Indonesia,Soybeans,2002,12360,2702.0,1597.0,25.64
625,Indonesia,Soybeans,2002,12360,2702.0,1597.0,27.4
626,Indonesia,Soybeans,2002,12360,2702.0,1597.0,27.5
627,Indonesia,Soybeans,2002,12360,2702.0,1597.0,27.49
628,Indonesia,Soybeans,2002,12360,2702.0,1597.0,27.01
629,Indonesia,Soybeans,2002,12360,2702.0,1597.0,27.71
630,Indonesia,Soybeans,2004,12801,2702.0,1597.0,25.67
631,Indonesia,Soybeans,2004,12801,2702.0,1597.0,27.42
632,Indonesia,Soybeans,2004,12801,2702.0,1597.0,27.32
633,Indonesia,Soybeans,2004,12801,2702.0,1597.0,27.57
634,Indonesia,Soybeans,2004,12801,2702.0,1597.0,26.97
635,Indonesia,Soybeans,2004,12801,2702.0,1597.0,27.69
636,Indonesia,Soybeans,2005,13006,2702.0,1597.0,25.59
637,Indonesia,Soybeans,2005,13006,2702.0,1597.0,27.22
638,Indonesia,Soybeans,2005,13006,2702.0,1597.0,27.48
639,Indonesia,Soybeans,2005,13006,2702.0,1597.0,27.44
640,Indonesia,Soybeans,2005,13006,2702.0,1597.0,27.11
641,Indonesia,Soybeans,2005,13006,2702.0,1597.0,27.77
642,Indonesia,Soybeans,2006,12878,2702.0,1597.0,25.66
643,Indonesia,Soybeans,2006,12878,2702.0,1597.0,27.39
644,Indonesia,Soybeans,2006,12878,2702.0,1597.0,27.21
645,Indonesia,Soybeans,2006,12878,2702.0,1597.0,27.55
646,Indonesia,Soybeans,2006,12878,2702.0,1597.0,26.98
647,Indonesia,Soybeans,2006,12878,2702.0,1597.0,27.55
648,Indonesia,Soybeans,2007,12908,2702.0,1597.0,25.5
649,Indonesia,Soybeans,2007,12908,2702.0,1597.0,27.21
650,Indonesia,Soybeans,2007,12908,2702.0,1597.0,27.14
651,Indonesia,Soybeans,2007,12908,2702.0,1597.0,27.29
652,Indonesia,Soybeans,2007,12908,2702.0,1597.0,26.88
653,Indonesia,Soybeans,2007,12908,2702.0,1597.0,27.49
654,Indonesia,Soybeans,2008,13119,2702.0,1597.0,25.32
655,Indonesia,Soybeans,2008,13119,2702.0,1597.0,26.97
656,Indonesia,Soybeans,2008,13119,2702.0,1597.0,27.03
657,Indonesia,Soybeans,2008,13119,2702.0,1597.0,27.18
658,Indonesia,Soybeans,2008,13119,2702.0,1597.0,26.65
659,Indonesia,Soybeans,2008,13119,2702.0,1597.0,27.34
660,Indonesia,Soybeans,2009,13483,2702.0,1597.0,25.54
661,Indonesia,Soybeans,2009,13483,2702.0,1597.0,27.31
662,Indonesia,Soybeans,2009,13483,2702.0,1597.0,27.3
663,Indonesia,Soybeans,2009,13483,2702.0,1597.0,27.63
664,Indonesia,Soybeans,2009,13483,2702.0,1597.0,26.98
665,Indonesia,Soybeans,2009,13483,2702.0,1597.0,27.69
666,Indonesia,Soybeans,2010,13726,2702.0,1597.0,25.57
667,Indonesia,Soybeans,2010,13726,2702.0,1597.0,27.25
668,Indonesia,Soybeans,2010,13726,2702.0,1597.0,27.69
669,Indonesia,Soybeans,2010,13726,2702.0,1597.0,27.46
670,Indonesia,Soybeans,2010,13726,2702.0,1597.0,26.94
671,Indonesia,Soybeans,2010,13726,2702.0,1597.0,27.55
672,Indonesia,Soybeans,2011,13681,2702.0,1597.0,25.38
673,Indonesia,Soybeans,2011,13681,2702.0,1597.0,27.24
674,Indonesia,Soybeans,2011,13681,2702.0,1597.0,27.19
675,Indonesia,Soybeans,2011,13681,2702.0,1597.0,27.39
676,Indonesia,Soybeans,2011,13681,2702.0,1597.0,26.63
677,Indonesia,Soybeans,2011,13681,2702.0,1597.0,27.19
678,Indonesia,Soybeans,2012,14854,2702.0,1597.0,25.59
679,Indonesia,Soybeans,2012,14854,2702.0,1597.0,27.36
680,Indonesia,Soybeans,2012,14854,2702.0,1597.0,27.37
681,Indonesia,Soybeans,2012,14854,2702.0,1597.0,27.49
682,Indonesia,Soybeans,2012,14854,2702.0,1597.0,26.87
683,Indonesia,Soybeans,2012,14854,2702.0,1597.0,27.48
684,Indonesia,Soybeans,2013,14161,2702.0,1597.0,25.48
685,Indonesia,Soybeans,2013,14161,2702.0,1597.0,27.37
686,Indonesia,Soybeans,2013,14161,2702.0,1597.0,27.88
687,Indonesia,Soybeans,2013,14161,2702.0,1597.0,27.34
688,Indonesia,Soybeans,2013,14161,2702.0,1597.0,26.72
689,Indonesia,Soybeans,2013,14161,2702.0,1597.0,27.3
690,Indonesia,Sweet potatoes,1990,94450,2702.0,2432.0,25.37
691,Indonesia,Sweet potatoes,1990,94450,2702.0,2432.0,27.05
692,Indonesia,Sweet potatoes,1990,94450,2702.0,2432.0,27.11
693,Indonesia,Sweet potatoes,1990,94450,2702.0,2432.0,27.18
694,Indonesia,Sweet potatoes,1990,94450,2702.0,2432.0,26.79
695,Indonesia,Sweet potatoes,1990,94450,2702.0,2432.0,27.47
696,Indonesia,Sweet potatoes,1991,95150,2702.0,3259.0,25.27
697,Indonesia,Sweet potatoes,1991,95150,2702.0,3259.0,27.04
698,Indonesia,Sweet potatoes,1991,95150,2702.0,3259.0,26.92
699,Indonesia,Sweet potatoes,1991,95150,2702.0,3259.0,27.05
700,Indonesia,Sweet potatoes,1991,95150,2702.0,3259.0,26.61
701,Indonesia,Sweet potatoes,1991,95150,2702.0,3259.0,27.21
702,Indonesia,Sweet potatoes,1992,94481,2702.0,825.0,25.17
703,Indonesia,Sweet potatoes,1992,94481,2702.0,825.0,26.96
704,Indonesia,Sweet potatoes,1992,94481,2702.0,825.0,27.01
705,Indonesia,Sweet potatoes,1992,94481,2702.0,825.0,27.2
706,Indonesia,Sweet potatoes,1992,94481,2702.0,825.0,26.72
707,Indonesia,Sweet potatoes,1992,94481,2702.0,825.0,27.4
708,Indonesia,Sweet potatoes,1993,93183,2702.0,1597.0,25.46
709,Indonesia,Sweet potatoes,1993,93183,2702.0,1597.0,27.04
710,Indonesia,Sweet potatoes,1993,93183,2702.0,1597.0,26.9
711,Indonesia,Sweet potatoes,1993,93183,2702.0,1597.0,27.21
712,Indonesia,Sweet potatoes,1993,93183,2702.0,1597.0,26.88
713,Indonesia,Sweet potatoes,1993,93183,2702.0,1597.0,27.51
714,Indonesia,Sweet potatoes,1994,93583,2702.0,1597.0,25.21
715,Indonesia,Sweet potatoes,1994,93583,2702.0,1597.0,27.12
716,Indonesia,Sweet potatoes,1994,93583,2702.0,1597.0,26.97
717,Indonesia,Sweet potatoes,1994,93583,2702.0,1597.0,27.34
718,Indonesia,Sweet potatoes,1994,93583,2702.0,1597.0,26.56
719,Indonesia,Sweet potatoes,1994,93583,2702.0,1597.0,27.18
720,Indonesia,Sweet potatoes,1995,94939,2702.0,1597.0,25.46
721,Indonesia,Sweet potatoes,1995,94939,2702.0,1597.0,27.15
722,Indonesia,Sweet potatoes,1995,94939,2702.0,1597.0,27.08
723,Indonesia,Sweet potatoes,1995,94939,2702.0,1597.0,27.28
724,Indonesia,Sweet potatoes,1995,94939,2702.0,1597.0,26.74
725,Indonesia,Sweet potatoes,1995,94939,2702.0,1597.0,27.32
726,Indonesia,Sweet potatoes,1996,113547,2702.0,1597.0,25.41
727,Indonesia,Sweet potatoes,1996,113547,2702.0,1597.0,27.07
728,Indonesia,Sweet potatoes,1996,113547,2702.0,1597.0,27.0
729,Indonesia,Sweet potatoes,1996,113547,2702.0,1597.0,27.2
730,Indonesia,Sweet potatoes,1996,113547,2702.0,1597.0,26.83
731,Indonesia,Sweet potatoes,1996,113547,2702.0,1597.0,27.53
732,Indonesia,Sweet potatoes,1997,94532,2702.0,1597.0,25.52
733,Indonesia,Sweet potatoes,1997,94532,2702.0,1597.0,27.37
734,Indonesia,Sweet potatoes,1997,94532,2702.0,1597.0,27.26
735,Indonesia,Sweet potatoes,1997,94532,2702.0,1597.0,27.62
736,Indonesia,Sweet potatoes,1997,94532,2702.0,1597.0,26.83
737,Indonesia,Sweet potatoes,1997,94532,2702.0,1597.0,27.46
738,Indonesia,Sweet potatoes,1998,95750,2702.0,1597.0,25.81
739,Indonesia,Sweet potatoes,1998,95750,2702.0,1597.0,27.58
740,Indonesia,Sweet potatoes,1998,95750,2702.0,1597.0,27.72
741,Indonesia,Sweet potatoes,1998,95750,2702.0,1597.0,27.77
742,Indonesia,Sweet potatoes,1998,95750,2702.0,1597.0,27.28
743,Indonesia,Sweet potatoes,1998,95750,2702.0,1597.0,27.9
744,Indonesia,Sweet potatoes,1999,96698,2702.0,1597.0,25.26
745,Indonesia,Sweet potatoes,1999,96698,2702.0,1597.0,27.01
746,Indonesia,Sweet potatoes,1999,96698,2702.0,1597.0,26.82
747,Indonesia,Sweet potatoes,1999,96698,2702.0,1597.0,27.17
748,Indonesia,Sweet potatoes,1999,96698,2702.0,1597.0,26.62
749,Indonesia,Sweet potatoes,1999,96698,2702.0,1597.0,27.32
750,Indonesia,Sweet potatoes,2000,94211,2702.0,1597.0,25.46
751,Indonesia,Sweet potatoes,2000,94211,2702.0,1597.0,27.2
752,Indonesia,Sweet potatoes,2000,94211,2702.0,1597.0,27.1
753,Indonesia,Sweet potatoes,2000,94211,2702.0,1597.0,27.23
754,Indonesia,Sweet potatoes,2000,94211,2702.0,1597.0,26.77
755,Indonesia,Sweet potatoes,2000,94211,2702.0,1597.0,27.44
756,Indonesia,Sweet potatoes,2001,96634,2702.0,1597.0,25.43
757,Indonesia,Sweet potatoes,2001,96634,2702.0,1597.0,27.13
758,Indonesia,Sweet potatoes,2001,96634,2702.0,1597.0,27.26
759,Indonesia,Sweet potatoes,2001,96634,2702.0,1597.0,27.32
760,Indonesia,Sweet potatoes,2001,96634,2702.0,1597.0,26.81
761,Indonesia,Sweet potatoes,2001,96634,2702.0,1597.0,27.52
762,Indonesia,Sweet potatoes,2002,99940,2702.0,1597.0,25.64
763,Indonesia,Sweet potatoes,2002,99940,2702.0,1597.0,27.4
764,Indonesia,Sweet potatoes,2002,99940,2702.0,1597.0,27.5
765,Indonesia,Sweet potatoes,2002,99940,2702.0,1597.0,27.49
766,Indonesia,Sweet potatoes,2002,99940,2702.0,1597.0,27.01
767,Indonesia,Sweet potatoes,2002,99940,2702.0,1597.0,27.71
768,Indonesia,Sweet potatoes,2004,103053,2702.0,1597.0,25.67
769,Indonesia,Sweet potatoes,2004,103053,2702.0,1597.0,27.42
770,Indonesia,Sweet potatoes,2004,103053,2702.0,1597.0,27.32
771,Indonesia,Sweet potatoes,2004,103053,2702.0,1597.0,27.57
772,Indonesia,Sweet potatoes,2004,103053,2702.0,1597.0,26.97
773,Indonesia,Sweet potatoes,2004,103053,2702.0,1597.0,27.69
774,Indonesia,Sweet potatoes,2005,104128,2702.0,1597.0,25.59
775,Indonesia,Sweet potatoes,2005,104128,2702.0,1597.0,27.22
776,Indonesia,Sweet potatoes,2005,104128,2702.0,1597.0,27.48
777,Indonesia,Sweet potatoes,2005,104128,2702.0,1597.0,27.44
778,Indonesia,Sweet potatoes,2005,104128,2702.0,1597.0,27.11
779,Indonesia,Sweet potatoes,2005,104128,2702.0,1597.0,27.77
780,Indonesia,Sweet potatoes,2006,105267,2702.0,1597.0,25.66
781,Indonesia,Sweet potatoes,2006,105267,2702.0,1597.0,27.39
782,Indonesia,Sweet potatoes,2006,105267,2702.0,1597.0,27.21
783,Indonesia,Sweet potatoes,2006,105267,2702.0,1597.0,27.55
784,Indonesia,Sweet potatoes,2006,105267,2702.0,1597.0,26.98
785,Indonesia,Sweet potatoes,2006,105267,2702.0,1597.0,27.55
786,Indonesia,Sweet potatoes,2007,106643,2702.0,1597.0,25.5
787,Indonesia,Sweet potatoes,2007,106643,2702.0,1597.0,27.21
788,Indonesia,Sweet potatoes,2007,106643,2702.0,1597.0,27.14
789,Indonesia,Sweet potatoes,2007,106643,2702.0,1597.0,27.29
790,Indonesia,Sweet potatoes,2007,106643,2702.0,1597.0,26.88
791,Indonesia,Sweet potatoes,2007,106643,2702.0,1597.0,27.49
792,Indonesia,Sweet potatoes,2008,107743,2702.0,1597.0,25.32
793,Indonesia,Sweet potatoes,2008,107743,2702.0,1597.0,26.97
794,Indonesia,Sweet potatoes,2008,107743,2702.0,1597.0,27.03
795,Indonesia,Sweet potatoes,2008,107743,2702.0,1597.0,27.18
796,Indonesia,Sweet potatoes,2008,107743,2702.0,1597.0,26.65
797,Indonesia,Sweet potatoes,2008,107743,2702.0,1597.0,27.34
798,Indonesia,Sweet potatoes,2009,111920,2702.0,1597.0,25.54
799,Indonesia,Sweet potatoes,2009,111920,2702.0,1597.0,27.31
800,Indonesia,Sweet potatoes,2009,111920,2702.0,1597.0,27.3
801,Indonesia,Sweet potatoes,2009,111920,2702.0,1597.0,27.63
802,Indonesia,Sweet potatoes,2009,111920,2702.0,1597.0,26.98
803,Indonesia,Sweet potatoes,2009,111920,2702.0,1597.0,27.69
804,Indonesia,Sweet potatoes,2010,113272,2702.0,1597.0,25.57
805,Indonesia,Sweet potatoes,2010,113272,2702.0,1597.0,27.25
806,Indonesia,Sweet potatoes,2010,113272,2702.0,1597.0,27.69
807,Indonesia,Sweet potatoes,2010,113272,2702.0,1597.0,27.46
808,Indonesia,Sweet potatoes,2010,113272,2702.0,1597.0,26.94
809,Indonesia,Sweet potatoes,2010,113272,2702.0,1597.0,27.55
810,Indonesia,Sweet potatoes,2011,123289,2702.0,1597.0,25.38
811,Indonesia,Sweet potatoes,2011,123289,2702.0,1597.0,27.24
812,Indonesia,Sweet potatoes,2011,123289,2702.0,1597.0,27.19
813,Indonesia,Sweet potatoes,2011,123289,2702.0,1597.0,27.39
814,Indonesia,Sweet potatoes,2011,123289,2702.0,1597.0,26.63
815,Indonesia,Sweet potatoes,2011,123289,2702.0,1597.0,27.19
816,Indonesia,Sweet potatoes,2012,139290,2702.0,1597.0,25.59
817,Indonesia,Sweet potatoes,2012,139290,2702.0,1597.0,27.36
818,Indonesia,Sweet potatoes,2012,139290,2702.0,1597.0,27.37
819,Indonesia,Sweet potatoes,2012,139290,2702.0,1597.0,27.49
820,Indonesia,Sweet potatoes,2012,139290,2702.0,1597.0,26.87
821,Indonesia,Sweet potatoes,2012,139290,2702.0,1597.0,27.48
822,Indonesia,Sweet potatoes,2013,147465,2702.0,1597.0,25.48
823,Indonesia,Sweet potatoes,2013,147465,2702.0,1597.0,27.37
824,Indonesia,Sweet potatoes,2013,147465,2702.0,1597.0,27.88
825,Indonesia,Sweet potatoes,2013,147465,2702.0,1597.0,27.34
826,Indonesia,Sweet potatoes,2013,147465,2702.0,1597.0,26.72
827,Indonesia,Sweet potatoes,2013,147465,2702.0,1597.0,27.3
